program;c.domain;adv.model;protocol;partysize;comp.time(s);comp.peakRAM(MiB);bin.filesize(MiB);comp.P0intin;comp.P1intin;comp.P2intin;comp.P0bitin;comp.P1bitin;compP2bitin;comp.intbits;comp.inttriples;comp.bittriples;comp.vmrounds;latencies(ms);bandwidths(Mbs);input_size;packetdrops(%);runtime_internal(s);runtime_external(s);peakRAM(MiB);jobCPU(%);P0commRounds;P0dataSent(MB);ALLdataSent(MB);System time (s);Tx(MB);Tx(rounds);Tx(s);Rx(MB);Rx(rounds);Rx(s);Brcasting(MB);Brcasting(rounds);Brcasting(s);TxRx(MB);TxRx(rounds);TxRx(s);Passing(MB);Passing(rounds);Passing(s);Part.Brcasting(MB);Part.Brcasting(rounds);Part.Brcasting(s);Ex(MB);Ex(rounds);Ex(s);Ex1to1(MB);Ex1to1(rounds);Ex1to1(s);Rx1to1(MB);Rx1to1(rounds);Rx1to1(s);Tx1to1(MB);Tx1to1(rounds);Tx1to1(s);Txtoall(MB);Txtoall(rounds);Txtoall(s)
53;RING;semihonest;replicated-ring;3;0.46;32;1;NA;NA;NA;NA;NA;NA;NA;NA;1190000;2;0;25000;10000;0;0.0291126;0.10;17;49%;~12;0.310806;0.932418;NA;NA;NA;NA;NA;NA;NA;NA;NA;NA;NA;NA;NA;NA;NA;NA;NA;NA;NA;NA;NA;NA;NA;NA;NA;NA;NA;NA;NA;NA;NA;NA;NA
53;RING;semihonest;replicated-ring;3;NA;NA;NA;NA;NA;NA;NA;NA;NA;NA;NA;NA;NA;0;25000;10000;0;0.0298112;0.10;17;61%;~12;0.310806;0.932418;NA;NA;NA;NA;NA;NA;NA;NA;NA;NA;NA;NA;NA;NA;NA;NA;NA;NA;NA;NA;NA;NA;NA;NA;NA;NA;NA;NA;NA;NA;NA;NA;NA
53;RING;semihonest;replicated-ring;3;NA;NA;NA;NA;NA;NA;NA;NA;NA;NA;NA;NA;NA;0;25000;10000;0;0.0302426;0.10;17;60%;~12;0.310806;0.932418;NA;NA;NA;NA;NA;NA;NA;NA;NA;NA;NA;NA;NA;NA;NA;NA;NA;NA;NA;NA;NA;NA;NA;NA;NA;NA;NA;NA;NA;NA;NA;NA;NA
53;RING;semihonest;replicated-ring;3;NA;NA;NA;NA;NA;NA;NA;NA;NA;NA;NA;NA;NA;0;25000;10000;0;0.0279758;0.10;17;53%;~12;0.310806;0.932418;NA;NA;NA;NA;NA;NA;NA;NA;NA;NA;NA;NA;NA;NA;NA;NA;NA;NA;NA;NA;NA;NA;NA;NA;NA;NA;NA;NA;NA;NA;NA;NA;NA
53;RING;semihonest;replicated-ring;3;NA;NA;NA;NA;NA;NA;NA;NA;NA;NA;NA;NA;NA;0;25000;10000;0;0.0310096;0.11;17;59%;~12;0.310806;0.932418;NA;NA;NA;NA;NA;NA;NA;NA;NA;NA;NA;NA;NA;NA;NA;NA;NA;NA;NA;NA;NA;NA;NA;NA;NA;NA;NA;NA;NA;NA;NA;NA;NA
53;RING;semihonest;replicated-ring;3;NA;NA;NA;NA;NA;NA;NA;NA;NA;NA;NA;NA;NA;0;25000;10000;0;0.0308757;0.11;17;60%;~12;0.310806;0.932418;NA;NA;NA;NA;NA;NA;NA;NA;NA;NA;NA;NA;NA;NA;NA;NA;NA;NA;NA;NA;NA;NA;NA;NA;NA;NA;NA;NA;NA;NA;NA;NA;NA
53;RING;semihonest;replicated-ring;3;NA;NA;NA;NA;NA;NA;NA;NA;NA;NA;NA;NA;NA;0;25000;10000;0;0.0287926;0.09;19;67%;~12;0.310806;0.932418;NA;NA;NA;NA;NA;NA;NA;NA;NA;NA;NA;NA;NA;NA;NA;NA;NA;NA;NA;NA;NA;NA;NA;NA;NA;NA;NA;NA;NA;NA;NA;NA;NA
53;RING;semihonest;replicated-ring;3;NA;NA;NA;NA;NA;NA;NA;NA;NA;NA;NA;NA;NA;0;25000;10000;0;0.0303184;0.10;17;63%;~12;0.310806;0.932418;NA;NA;NA;NA;NA;NA;NA;NA;NA;NA;NA;NA;NA;NA;NA;NA;NA;NA;NA;NA;NA;NA;NA;NA;NA;NA;NA;NA;NA;NA;NA;NA;NA
53;RING;semihonest;replicated-ring;3;NA;NA;NA;NA;NA;NA;NA;NA;NA;NA;NA;NA;NA;0;25000;10000;0;0.0309587;0.10;17;61%;~12;0.310806;0.932418;NA;NA;NA;NA;NA;NA;NA;NA;NA;NA;NA;NA;NA;NA;NA;NA;NA;NA;NA;NA;NA;NA;NA;NA;NA;NA;NA;NA;NA;NA;NA;NA;NA
53;RING;semihonest;replicated-ring;3;NA;NA;NA;NA;NA;NA;NA;NA;NA;NA;NA;NA;NA;0;25000;10000;0;0.0293244;0.10;19;63%;~12;0.310806;0.932418;NA;NA;NA;NA;NA;NA;NA;NA;NA;NA;NA;NA;NA;NA;NA;NA;NA;NA;NA;NA;NA;NA;NA;NA;NA;NA;NA;NA;NA;NA;NA;NA;NA
53;RING;semihonest;replicated-ring;3;0.46;32;1;NA;NA;NA;NA;NA;NA;NA;NA;1190000;2;0;25000;10000;0;0.0318778;0.10;17;65%;~12;0.310806;0.932418;NA;NA;NA;NA;NA;NA;NA;NA;NA;NA;NA;NA;NA;NA;NA;NA;NA;NA;NA;NA;NA;NA;NA;NA;NA;NA;NA;NA;NA;NA;NA;NA;NA
53;RING;semihonest;replicated-ring;3;NA;NA;NA;NA;NA;NA;NA;NA;NA;NA;NA;NA;NA;0;25000;10000;0;0.0296944;0.10;17;62%;~12;0.310806;0.932418;NA;NA;NA;NA;NA;NA;NA;NA;NA;NA;NA;NA;NA;NA;NA;NA;NA;NA;NA;NA;NA;NA;NA;NA;NA;NA;NA;NA;NA;NA;NA;NA;NA
53;RING;semihonest;replicated-ring;3;NA;NA;NA;NA;NA;NA;NA;NA;NA;NA;NA;NA;NA;0;25000;10000;0;0.0295285;0.10;17;61%;~12;0.310806;0.932418;NA;NA;NA;NA;NA;NA;NA;NA;NA;NA;NA;NA;NA;NA;NA;NA;NA;NA;NA;NA;NA;NA;NA;NA;NA;NA;NA;NA;NA;NA;NA;NA;NA
53;RING;semihonest;replicated-ring;3;NA;NA;NA;NA;NA;NA;NA;NA;NA;NA;NA;NA;NA;0;25000;10000;0;0.030631;0.10;19;62%;~12;0.310806;0.932418;NA;NA;NA;NA;NA;NA;NA;NA;NA;NA;NA;NA;NA;NA;NA;NA;NA;NA;NA;NA;NA;NA;NA;NA;NA;NA;NA;NA;NA;NA;NA;NA;NA
53;RING;semihonest;replicated-ring;3;NA;NA;NA;NA;NA;NA;NA;NA;NA;NA;NA;NA;NA;0;25000;10000;0;0.0304962;0.10;17;60%;~12;0.310806;0.932418;NA;NA;NA;NA;NA;NA;NA;NA;NA;NA;NA;NA;NA;NA;NA;NA;NA;NA;NA;NA;NA;NA;NA;NA;NA;NA;NA;NA;NA;NA;NA;NA;NA
53;RING;semihonest;replicated-ring;3;NA;NA;NA;NA;NA;NA;NA;NA;NA;NA;NA;NA;NA;0;25000;10000;0;0.0311815;0.10;17;53%;~12;0.310806;0.932418;NA;NA;NA;NA;NA;NA;NA;NA;NA;NA;NA;NA;NA;NA;NA;NA;NA;NA;NA;NA;NA;NA;NA;NA;NA;NA;NA;NA;NA;NA;NA;NA;NA
53;RING;semihonest;replicated-ring;3;NA;NA;NA;NA;NA;NA;NA;NA;NA;NA;NA;NA;NA;0;25000;10000;0;0.0308346;0.11;17;60%;~12;0.310806;0.932418;NA;NA;NA;NA;NA;NA;NA;NA;NA;NA;NA;NA;NA;NA;NA;NA;NA;NA;NA;NA;NA;NA;NA;NA;NA;NA;NA;NA;NA;NA;NA;NA;NA
53;RING;semihonest;replicated-ring;3;NA;NA;NA;NA;NA;NA;NA;NA;NA;NA;NA;NA;NA;0;25000;10000;0;0.029012;0.09;17;62%;~12;0.310806;0.932418;NA;NA;NA;NA;NA;NA;NA;NA;NA;NA;NA;NA;NA;NA;NA;NA;NA;NA;NA;NA;NA;NA;NA;NA;NA;NA;NA;NA;NA;NA;NA;NA;NA
53;RING;semihonest;replicated-ring;3;NA;NA;NA;NA;NA;NA;NA;NA;NA;NA;NA;NA;NA;0;25000;10000;0;0.0303818;0.10;19;63%;~12;0.310806;0.932418;NA;NA;NA;NA;NA;NA;NA;NA;NA;NA;NA;NA;NA;NA;NA;NA;NA;NA;NA;NA;NA;NA;NA;NA;NA;NA;NA;NA;NA;NA;NA;NA;NA
53;RING;semihonest;replicated-ring;3;NA;NA;NA;NA;NA;NA;NA;NA;NA;NA;NA;NA;NA;0;25000;10000;0;0.0297113;0.09;15;67%;~12;0.310806;0.932418;NA;NA;NA;NA;NA;NA;NA;NA;NA;NA;NA;NA;NA;NA;NA;NA;NA;NA;NA;NA;NA;NA;NA;NA;NA;NA;NA;NA;NA;NA;NA;NA;NA
53;RING;semihonest;replicated-ring;3;NA;NA;NA;NA;NA;NA;NA;NA;NA;NA;NA;NA;NA;0;10000;10000;0;0.0307803;0.10;17;63%;~12;0.310806;0.932418;NA;NA;NA;NA;NA;NA;NA;NA;NA;NA;NA;NA;NA;NA;NA;NA;NA;NA;NA;NA;NA;NA;NA;NA;NA;NA;NA;NA;NA;NA;NA;NA;NA
53;RING;semihonest;replicated-ring;3;NA;NA;NA;NA;NA;NA;NA;NA;NA;NA;NA;NA;NA;0;10000;10000;0;0.0302582;0.09;17;56%;~12;0.310806;0.932418;NA;NA;NA;NA;NA;NA;NA;NA;NA;NA;NA;NA;NA;NA;NA;NA;NA;NA;NA;NA;NA;NA;NA;NA;NA;NA;NA;NA;NA;NA;NA;NA;NA
53;RING;semihonest;replicated-ring;3;NA;NA;NA;NA;NA;NA;NA;NA;NA;NA;NA;NA;NA;0;10000;10000;0;0.029747;0.10;17;65%;~12;0.310806;0.932418;NA;NA;NA;NA;NA;NA;NA;NA;NA;NA;NA;NA;NA;NA;NA;NA;NA;NA;NA;NA;NA;NA;NA;NA;NA;NA;NA;NA;NA;NA;NA;NA;NA
53;RING;semihonest;replicated-ring;3;NA;NA;NA;NA;NA;NA;NA;NA;NA;NA;NA;NA;NA;0;10000;10000;0;0.0297837;0.10;17;59%;~12;0.310806;0.932418;NA;NA;NA;NA;NA;NA;NA;NA;NA;NA;NA;NA;NA;NA;NA;NA;NA;NA;NA;NA;NA;NA;NA;NA;NA;NA;NA;NA;NA;NA;NA;NA;NA
53;RING;semihonest;replicated-ring;3;NA;NA;NA;NA;NA;NA;NA;NA;NA;NA;NA;NA;NA;0;10000;10000;0;0.0294393;0.10;17;62%;~12;0.310806;0.932418;NA;NA;NA;NA;NA;NA;NA;NA;NA;NA;NA;NA;NA;NA;NA;NA;NA;NA;NA;NA;NA;NA;NA;NA;NA;NA;NA;NA;NA;NA;NA;NA;NA
53;RING;semihonest;replicated-ring;3;NA;NA;NA;NA;NA;NA;NA;NA;NA;NA;NA;NA;NA;0;10000;10000;0;0.0317912;0.11;17;52%;~12;0.310806;0.932418;NA;NA;NA;NA;NA;NA;NA;NA;NA;NA;NA;NA;NA;NA;NA;NA;NA;NA;NA;NA;NA;NA;NA;NA;NA;NA;NA;NA;NA;NA;NA;NA;NA
53;RING;semihonest;replicated-ring;3;NA;NA;NA;NA;NA;NA;NA;NA;NA;NA;NA;NA;NA;0;10000;10000;0;0.0306166;0.10;17;63%;~12;0.310806;0.932418;NA;NA;NA;NA;NA;NA;NA;NA;NA;NA;NA;NA;NA;NA;NA;NA;NA;NA;NA;NA;NA;NA;NA;NA;NA;NA;NA;NA;NA;NA;NA;NA;NA
53;RING;semihonest;replicated-ring;3;NA;NA;NA;NA;NA;NA;NA;NA;NA;NA;NA;NA;NA;0;10000;10000;0;0.0301952;0.10;17;63%;~12;0.310806;0.932418;NA;NA;NA;NA;NA;NA;NA;NA;NA;NA;NA;NA;NA;NA;NA;NA;NA;NA;NA;NA;NA;NA;NA;NA;NA;NA;NA;NA;NA;NA;NA;NA;NA
53;RING;semihonest;replicated-ring;3;NA;NA;NA;NA;NA;NA;NA;NA;NA;NA;NA;NA;NA;0;10000;10000;0;0.0306513;0.10;17;61%;~12;0.310806;0.932418;NA;NA;NA;NA;NA;NA;NA;NA;NA;NA;NA;NA;NA;NA;NA;NA;NA;NA;NA;NA;NA;NA;NA;NA;NA;NA;NA;NA;NA;NA;NA;NA;NA
53;RING;semihonest;replicated-ring;3;NA;NA;NA;NA;NA;NA;NA;NA;NA;NA;NA;NA;NA;0;10000;10000;0;0.0301876;0.10;15;61%;~12;0.310806;0.932418;NA;NA;NA;NA;NA;NA;NA;NA;NA;NA;NA;NA;NA;NA;NA;NA;NA;NA;NA;NA;NA;NA;NA;NA;NA;NA;NA;NA;NA;NA;NA;NA;NA
53;RING;semihonest;replicated-ring;3;NA;NA;NA;NA;NA;NA;NA;NA;NA;NA;NA;NA;NA;0;1000;10000;0;0.0313412;0.11;17;62%;~12;0.310806;0.932418;NA;NA;NA;NA;NA;NA;NA;NA;NA;NA;NA;NA;NA;NA;NA;NA;NA;NA;NA;NA;NA;NA;NA;NA;NA;NA;NA;NA;NA;NA;NA;NA;NA
53;RING;semihonest;replicated-ring;3;NA;NA;NA;NA;NA;NA;NA;NA;NA;NA;NA;NA;NA;0;1000;10000;0;0.0328528;0.10;17;59%;~12;0.310806;0.932418;NA;NA;NA;NA;NA;NA;NA;NA;NA;NA;NA;NA;NA;NA;NA;NA;NA;NA;NA;NA;NA;NA;NA;NA;NA;NA;NA;NA;NA;NA;NA;NA;NA
53;RING;semihonest;replicated-ring;3;NA;NA;NA;NA;NA;NA;NA;NA;NA;NA;NA;NA;NA;0;1000;10000;0;0.0327276;0.10;15;62%;~12;0.310806;0.932418;NA;NA;NA;NA;NA;NA;NA;NA;NA;NA;NA;NA;NA;NA;NA;NA;NA;NA;NA;NA;NA;NA;NA;NA;NA;NA;NA;NA;NA;NA;NA;NA;NA
53;RING;semihonest;replicated-ring;3;NA;NA;NA;NA;NA;NA;NA;NA;NA;NA;NA;NA;NA;0;1000;10000;0;0.0324897;0.10;17;59%;~12;0.310806;0.932418;NA;NA;NA;NA;NA;NA;NA;NA;NA;NA;NA;NA;NA;NA;NA;NA;NA;NA;NA;NA;NA;NA;NA;NA;NA;NA;NA;NA;NA;NA;NA;NA;NA
53;RING;semihonest;replicated-ring;3;NA;NA;NA;NA;NA;NA;NA;NA;NA;NA;NA;NA;NA;0;1000;10000;0;0.0324671;0.10;17;54%;~12;0.310806;0.932418;NA;NA;NA;NA;NA;NA;NA;NA;NA;NA;NA;NA;NA;NA;NA;NA;NA;NA;NA;NA;NA;NA;NA;NA;NA;NA;NA;NA;NA;NA;NA;NA;NA
53;RING;semihonest;replicated-ring;3;NA;NA;NA;NA;NA;NA;NA;NA;NA;NA;NA;NA;NA;0;1000;10000;0;0.0341809;0.11;17;57%;~12;0.310806;0.932418;NA;NA;NA;NA;NA;NA;NA;NA;NA;NA;NA;NA;NA;NA;NA;NA;NA;NA;NA;NA;NA;NA;NA;NA;NA;NA;NA;NA;NA;NA;NA;NA;NA
53;RING;semihonest;replicated-ring;3;NA;NA;NA;NA;NA;NA;NA;NA;NA;NA;NA;NA;NA;0;1000;10000;0;0.0311058;0.09;19;69%;~12;0.310806;0.932418;NA;NA;NA;NA;NA;NA;NA;NA;NA;NA;NA;NA;NA;NA;NA;NA;NA;NA;NA;NA;NA;NA;NA;NA;NA;NA;NA;NA;NA;NA;NA;NA;NA
53;RING;semihonest;replicated-ring;3;NA;NA;NA;NA;NA;NA;NA;NA;NA;NA;NA;NA;NA;0;1000;10000;0;0.0349883;0.10;17;58%;~12;0.310806;0.932418;NA;NA;NA;NA;NA;NA;NA;NA;NA;NA;NA;NA;NA;NA;NA;NA;NA;NA;NA;NA;NA;NA;NA;NA;NA;NA;NA;NA;NA;NA;NA;NA;NA
53;RING;semihonest;replicated-ring;3;NA;NA;NA;NA;NA;NA;NA;NA;NA;NA;NA;NA;NA;0;1000;10000;0;0.033619;0.10;17;60%;~12;0.310806;0.932418;NA;NA;NA;NA;NA;NA;NA;NA;NA;NA;NA;NA;NA;NA;NA;NA;NA;NA;NA;NA;NA;NA;NA;NA;NA;NA;NA;NA;NA;NA;NA;NA;NA
53;RING;semihonest;replicated-ring;3;NA;NA;NA;NA;NA;NA;NA;NA;NA;NA;NA;NA;NA;0;1000;10000;0;0.0329787;0.11;19;61%;~12;0.310806;0.932418;NA;NA;NA;NA;NA;NA;NA;NA;NA;NA;NA;NA;NA;NA;NA;NA;NA;NA;NA;NA;NA;NA;NA;NA;NA;NA;NA;NA;NA;NA;NA;NA;NA
53;RING;semihonest;replicated-ring;3;NA;NA;NA;NA;NA;NA;NA;NA;NA;NA;NA;NA;NA;0;100;10000;0;0.0715241;0.15;17;47%;~12;0.310806;0.932418;NA;NA;NA;NA;NA;NA;NA;NA;NA;NA;NA;NA;NA;NA;NA;NA;NA;NA;NA;NA;NA;NA;NA;NA;NA;NA;NA;NA;NA;NA;NA;NA;NA
53;RING;semihonest;replicated-ring;3;NA;NA;NA;NA;NA;NA;NA;NA;NA;NA;NA;NA;NA;0;100;10000;0;0.0691012;0.14;19;44%;~12;0.310806;0.932418;NA;NA;NA;NA;NA;NA;NA;NA;NA;NA;NA;NA;NA;NA;NA;NA;NA;NA;NA;NA;NA;NA;NA;NA;NA;NA;NA;NA;NA;NA;NA;NA;NA
53;RING;semihonest;replicated-ring;3;NA;NA;NA;NA;NA;NA;NA;NA;NA;NA;NA;NA;NA;0;100;10000;0;0.0685067;0.15;17;46%;~12;0.310806;0.932418;NA;NA;NA;NA;NA;NA;NA;NA;NA;NA;NA;NA;NA;NA;NA;NA;NA;NA;NA;NA;NA;NA;NA;NA;NA;NA;NA;NA;NA;NA;NA;NA;NA
53;RING;semihonest;replicated-ring;3;NA;NA;NA;NA;NA;NA;NA;NA;NA;NA;NA;NA;NA;0;100;10000;0;0.071935;0.15;17;45%;~12;0.310806;0.932418;NA;NA;NA;NA;NA;NA;NA;NA;NA;NA;NA;NA;NA;NA;NA;NA;NA;NA;NA;NA;NA;NA;NA;NA;NA;NA;NA;NA;NA;NA;NA;NA;NA
53;RING;semihonest;replicated-ring;3;NA;NA;NA;NA;NA;NA;NA;NA;NA;NA;NA;NA;NA;0;100;10000;0;0.0701058;0.15;19;45%;~12;0.310806;0.932418;NA;NA;NA;NA;NA;NA;NA;NA;NA;NA;NA;NA;NA;NA;NA;NA;NA;NA;NA;NA;NA;NA;NA;NA;NA;NA;NA;NA;NA;NA;NA;NA;NA
53;RING;semihonest;replicated-ring;3;NA;NA;NA;NA;NA;NA;NA;NA;NA;NA;NA;NA;NA;0;100;10000;0;0.0709378;0.15;17;44%;~12;0.310806;0.932418;NA;NA;NA;NA;NA;NA;NA;NA;NA;NA;NA;NA;NA;NA;NA;NA;NA;NA;NA;NA;NA;NA;NA;NA;NA;NA;NA;NA;NA;NA;NA;NA;NA
53;RING;semihonest;replicated-ring;3;NA;NA;NA;NA;NA;NA;NA;NA;NA;NA;NA;NA;NA;0;100;10000;0;0.0693188;0.14;17;48%;~12;0.310806;0.932418;NA;NA;NA;NA;NA;NA;NA;NA;NA;NA;NA;NA;NA;NA;NA;NA;NA;NA;NA;NA;NA;NA;NA;NA;NA;NA;NA;NA;NA;NA;NA;NA;NA
53;RING;semihonest;replicated-ring;3;NA;NA;NA;NA;NA;NA;NA;NA;NA;NA;NA;NA;NA;0;100;10000;0;0.0713813;0.16;19;41%;~12;0.310806;0.932418;NA;NA;NA;NA;NA;NA;NA;NA;NA;NA;NA;NA;NA;NA;NA;NA;NA;NA;NA;NA;NA;NA;NA;NA;NA;NA;NA;NA;NA;NA;NA;NA;NA
53;RING;semihonest;replicated-ring;3;NA;NA;NA;NA;NA;NA;NA;NA;NA;NA;NA;NA;NA;0;100;10000;0;0.0691377;0.15;17;42%;~12;0.310806;0.932418;NA;NA;NA;NA;NA;NA;NA;NA;NA;NA;NA;NA;NA;NA;NA;NA;NA;NA;NA;NA;NA;NA;NA;NA;NA;NA;NA;NA;NA;NA;NA;NA;NA
53;RING;semihonest;replicated-ring;3;NA;NA;NA;NA;NA;NA;NA;NA;NA;NA;NA;NA;NA;0;100;10000;0;0.069111;0.14;17;47%;~12;0.310806;0.932418;NA;NA;NA;NA;NA;NA;NA;NA;NA;NA;NA;NA;NA;NA;NA;NA;NA;NA;NA;NA;NA;NA;NA;NA;NA;NA;NA;NA;NA;NA;NA;NA;NA
53;BINARY;semidishonest;semi-bin;3;35.89;1690;15;NA;NA;NA;NA;NA;NA;NA;NA;630000;7;0;25000;10000;0;13.1256;13.44;92;252%;~13605;23.8116;71.1173;0.317512;14;0.000458268;0.317512;14;0.00535633;NA;NA;NA;NA;NA;NA;NA;NA;NA;NA;NA;NA;0.00852;4;0.000710266;1.29118;3700;1.29345;22.1944;4936;0;22.1944;4936;0;NA;NA;NA
53;BINARY;semidishonest;semi-bin;3;NA;NA;NA;NA;NA;NA;NA;NA;NA;NA;NA;NA;NA;0;25000;10000;0;13.218;13.53;94;265%;~13605;23.8116;71.1173;0.317512;14;0.000482721;0.317512;14;0.00353277;NA;NA;NA;NA;NA;NA;NA;NA;NA;NA;NA;NA;0.00852;4;0.00483173;1.29118;3700;0.979915;22.1944;4936;0;22.1944;4936;0;NA;NA;NA
53;BINARY;semidishonest;semi-bin;3;NA;NA;NA;NA;NA;NA;NA;NA;NA;NA;NA;NA;NA;0;25000;10000;0;13.1221;13.44;94;263%;~13605;23.8116;71.1173;0.317512;14;0.00045714;0.317512;14;0.00797764;NA;NA;NA;NA;NA;NA;NA;NA;NA;NA;NA;NA;0.00852;4;0.00188067;1.29118;3700;1.10382;22.1944;4936;0;22.1944;4936;0;NA;NA;NA
53;BINARY;semidishonest;semi-bin;3;NA;NA;NA;NA;NA;NA;NA;NA;NA;NA;NA;NA;NA;0;25000;10000;0;13.2902;13.62;92;251%;~13605;23.8116;71.1173;0.317512;14;0.00044752;0.317512;14;0.00475321;NA;NA;NA;NA;NA;NA;NA;NA;NA;NA;NA;NA;0.00852;4;0.00281157;1.29118;3700;1.50706;22.1944;4936;0;22.1944;4936;0;NA;NA;NA
53;BINARY;semidishonest;semi-bin;3;NA;NA;NA;NA;NA;NA;NA;NA;NA;NA;NA;NA;NA;0;25000;10000;0;13.2958;13.62;90;259%;~13605;23.8116;71.1173;0.317512;14;0.00047277;0.317512;14;0.0059776;NA;NA;NA;NA;NA;NA;NA;NA;NA;NA;NA;NA;0.00852;4;0.00147144;1.29118;3700;1.19533;22.1944;4936;0;22.1944;4936;0;NA;NA;NA
53;BINARY;semidishonest;semi-bin;3;NA;NA;NA;NA;NA;NA;NA;NA;NA;NA;NA;NA;NA;0;25000;10000;0;13.3748;13.69;92;262%;~13605;23.8116;71.1173;0.317512;14;0.000457658;0.317512;14;0.00507064;NA;NA;NA;NA;NA;NA;NA;NA;NA;NA;NA;NA;0.00852;4;0.0016416;1.29118;3700;1.11589;22.1944;4936;0;22.1944;4936;0;NA;NA;NA
53;BINARY;semidishonest;semi-bin;3;NA;NA;NA;NA;NA;NA;NA;NA;NA;NA;NA;NA;NA;0;25000;10000;0;13.3124;13.64;91;260%;~13605;23.8116;71.1173;0.317512;14;0.000428513;0.317512;14;0.00430387;NA;NA;NA;NA;NA;NA;NA;NA;NA;NA;NA;NA;0.00852;4;0.00495253;1.29118;3700;1.10738;22.1944;4936;0;22.1944;4936;0;NA;NA;NA
53;BINARY;semidishonest;semi-bin;3;NA;NA;NA;NA;NA;NA;NA;NA;NA;NA;NA;NA;NA;0;25000;10000;0;13.3084;13.62;94;263%;~13605;23.8116;71.1173;0.317512;14;0.000471976;0.317512;14;0.0048752;NA;NA;NA;NA;NA;NA;NA;NA;NA;NA;NA;NA;0.00852;4;0.00274952;1.29118;3700;1.11575;22.1944;4936;0;22.1944;4936;0;NA;NA;NA
53;BINARY;semidishonest;semi-bin;3;NA;NA;NA;NA;NA;NA;NA;NA;NA;NA;NA;NA;NA;0;25000;10000;0;13.0201;13.33;92;263%;~13605;23.8116;71.1173;0.317512;14;0.000447902;0.317512;14;0.00402365;NA;NA;NA;NA;NA;NA;NA;NA;NA;NA;NA;NA;0.00852;4;0.00117172;1.29118;3700;0.980372;22.1944;4936;0;22.1944;4936;0;NA;NA;NA
53;BINARY;semidishonest;semi-bin;3;NA;NA;NA;NA;NA;NA;NA;NA;NA;NA;NA;NA;NA;0;25000;10000;0;13.4275;13.74;92;263%;~13605;23.8116;71.1173;0.317512;14;0.000464461;0.317512;14;0.00329342;NA;NA;NA;NA;NA;NA;NA;NA;NA;NA;NA;NA;0.00852;4;0.00274145;1.29118;3700;1.04314;22.1944;4936;0;22.1944;4936;0;NA;NA;NA
53;BINARY;semidishonest;semi-bin;3;36.36;1689;15;NA;NA;NA;NA;NA;NA;NA;NA;630000;7;0;25000;10000;0;13.1275;13.45;92;244%;~13605;23.8116;71.1173;0.317512;14;0.000484027;0.317512;14;0.00489945;NA;NA;NA;NA;NA;NA;NA;NA;NA;NA;NA;NA;0.00852;4;0.00348306;1.29118;3700;1.86085;22.1944;4936;0;22.1944;4936;0;NA;NA;NA
53;BINARY;semidishonest;semi-bin;3;NA;NA;NA;NA;NA;NA;NA;NA;NA;NA;NA;NA;NA;0;25000;10000;0;13.2255;13.54;91;258%;~13605;23.8116;71.1173;0.317512;14;0.000445084;0.317512;14;0.00723347;NA;NA;NA;NA;NA;NA;NA;NA;NA;NA;NA;NA;0.00852;4;0.0044078;1.29118;3700;1.27995;22.1944;4936;0;22.1944;4936;0;NA;NA;NA
53;BINARY;semidishonest;semi-bin;3;NA;NA;NA;NA;NA;NA;NA;NA;NA;NA;NA;NA;NA;0;25000;10000;0;13.3619;13.67;94;263%;~13605;23.8116;71.1173;0.317512;14;0.000452006;0.317512;14;0.00463058;NA;NA;NA;NA;NA;NA;NA;NA;NA;NA;NA;NA;0.00852;4;0.00311709;1.29118;3700;1.02743;22.1944;4936;0;22.1944;4936;0;NA;NA;NA
53;BINARY;semidishonest;semi-bin;3;NA;NA;NA;NA;NA;NA;NA;NA;NA;NA;NA;NA;NA;0;25000;10000;0;13.2814;13.60;90;261%;~13605;23.8116;71.1173;0.317512;14;0.000463466;0.317512;14;0.00473262;NA;NA;NA;NA;NA;NA;NA;NA;NA;NA;NA;NA;0.00852;4;0.000115715;1.29118;3700;1.06629;22.1944;4936;0;22.1944;4936;0;NA;NA;NA
53;BINARY;semidishonest;semi-bin;3;NA;NA;NA;NA;NA;NA;NA;NA;NA;NA;NA;NA;NA;0;25000;10000;0;13.3003;13.62;92;260%;~13605;23.8116;71.1173;0.317512;14;0.000471097;0.317512;14;0.00578829;NA;NA;NA;NA;NA;NA;NA;NA;NA;NA;NA;NA;0.00852;4;0.00260039;1.29118;3700;1.10485;22.1944;4936;0;22.1944;4936;0;NA;NA;NA
53;BINARY;semidishonest;semi-bin;3;NA;NA;NA;NA;NA;NA;NA;NA;NA;NA;NA;NA;NA;0;25000;10000;0;13.4246;13.74;90;263%;~13605;23.8116;71.1173;0.317512;14;0.000456586;0.317512;14;0.00576558;NA;NA;NA;NA;NA;NA;NA;NA;NA;NA;NA;NA;0.00852;4;0.00351108;1.29118;3700;1.0439;22.1944;4936;0;22.1944;4936;0;NA;NA;NA
53;BINARY;semidishonest;semi-bin;3;NA;NA;NA;NA;NA;NA;NA;NA;NA;NA;NA;NA;NA;0;25000;10000;0;13.2437;13.56;90;257%;~13605;23.8116;71.1173;0.317512;14;0.000469238;0.317512;14;0.00387978;NA;NA;NA;NA;NA;NA;NA;NA;NA;NA;NA;NA;0.00852;4;0.000100502;1.29118;3700;1.21082;22.1944;4936;0;22.1944;4936;0;NA;NA;NA
53;BINARY;semidishonest;semi-bin;3;NA;NA;NA;NA;NA;NA;NA;NA;NA;NA;NA;NA;NA;0;25000;10000;0;13.2988;13.61;92;259%;~13605;23.8116;71.1173;0.317512;14;0.000468534;0.317512;14;0.00391131;NA;NA;NA;NA;NA;NA;NA;NA;NA;NA;NA;NA;0.00852;4;0.00349928;1.29118;3700;1.21064;22.1944;4936;0;22.1944;4936;0;NA;NA;NA
53;BINARY;semidishonest;semi-bin;3;NA;NA;NA;NA;NA;NA;NA;NA;NA;NA;NA;NA;NA;0;25000;10000;0;13.3308;13.65;92;258%;~13605;23.8116;71.1173;0.317512;14;0.000455307;0.317512;14;0.00449977;NA;NA;NA;NA;NA;NA;NA;NA;NA;NA;NA;NA;0.00852;4;0.000349538;1.29118;3700;1.29636;22.1944;4936;0;22.1944;4936;0;NA;NA;NA
53;BINARY;semidishonest;semi-bin;3;NA;NA;NA;NA;NA;NA;NA;NA;NA;NA;NA;NA;NA;0;25000;10000;0;13.2231;13.54;92;253%;~13605;23.8116;71.1173;0.317512;14;0.000477485;0.317512;14;0.00614888;NA;NA;NA;NA;NA;NA;NA;NA;NA;NA;NA;NA;0.00852;4;0.00259932;1.29118;3700;1.41643;22.1944;4936;0;22.1944;4936;0;NA;NA;NA
53;BINARY;semidishonest;semi-bin;3;NA;NA;NA;NA;NA;NA;NA;NA;NA;NA;NA;NA;NA;0;10000;10000;0;13.3597;13.67;90;263%;~13605;23.8116;71.1173;0.317512;14;0.000435637;0.317512;14;0.0051413;NA;NA;NA;NA;NA;NA;NA;NA;NA;NA;NA;NA;0.00852;4;0.00351404;1.29118;3700;1.13597;22.1944;4936;0;22.1944;4936;0;NA;NA;NA
53;BINARY;semidishonest;semi-bin;3;NA;NA;NA;NA;NA;NA;NA;NA;NA;NA;NA;NA;NA;0;10000;10000;0;12.9324;13.25;90;223%;~13605;23.8116;71.1173;0.317512;14;0.000424388;0.317512;14;0.00457497;NA;NA;NA;NA;NA;NA;NA;NA;NA;NA;NA;NA;0.00852;4;0.000808868;1.29118;3700;2.29229;22.1944;4936;0;22.1944;4936;0;NA;NA;NA
53;BINARY;semidishonest;semi-bin;3;NA;NA;NA;NA;NA;NA;NA;NA;NA;NA;NA;NA;NA;0;10000;10000;0;13.3472;13.66;91;261%;~13605;23.8116;71.1173;0.317512;14;0.000422022;0.317512;14;0.00466547;NA;NA;NA;NA;NA;NA;NA;NA;NA;NA;NA;NA;0.00852;4;0.00223242;1.29118;3700;1.20076;22.1944;4936;0;22.1944;4936;0;NA;NA;NA
53;BINARY;semidishonest;semi-bin;3;NA;NA;NA;NA;NA;NA;NA;NA;NA;NA;NA;NA;NA;0;10000;10000;0;13.375;13.69;96;258%;~13605;23.8116;71.1173;0.317512;14;0.000430171;0.317512;14;0.00383761;NA;NA;NA;NA;NA;NA;NA;NA;NA;NA;NA;NA;0.00852;4;0.00190856;1.29118;3700;1.30537;22.1944;4936;0;22.1944;4936;0;NA;NA;NA
53;BINARY;semidishonest;semi-bin;3;NA;NA;NA;NA;NA;NA;NA;NA;NA;NA;NA;NA;NA;0;10000;10000;0;13.271;13.59;92;257%;~13605;23.8116;71.1173;0.317512;14;0.000435825;0.317512;14;0.00532554;NA;NA;NA;NA;NA;NA;NA;NA;NA;NA;NA;NA;0.00852;4;0.00203598;1.29118;3700;1.39601;22.1944;4936;0;22.1944;4936;0;NA;NA;NA
53;BINARY;semidishonest;semi-bin;3;NA;NA;NA;NA;NA;NA;NA;NA;NA;NA;NA;NA;NA;0;10000;10000;0;13.1719;13.49;92;263%;~13605;23.8116;71.1173;0.317512;14;0.000430765;0.317512;14;0.00542102;NA;NA;NA;NA;NA;NA;NA;NA;NA;NA;NA;NA;0.00852;4;0.0010373;1.29118;3700;1.19558;22.1944;4936;0;22.1944;4936;0;NA;NA;NA
53;BINARY;semidishonest;semi-bin;3;NA;NA;NA;NA;NA;NA;NA;NA;NA;NA;NA;NA;NA;0;10000;10000;0;13.2664;13.58;94;262%;~13605;23.8116;71.1173;0.317512;14;0.000441468;0.317512;14;0.00391009;NA;NA;NA;NA;NA;NA;NA;NA;NA;NA;NA;NA;0.00852;4;0.00113617;1.29118;3700;1.07215;22.1944;4936;0;22.1944;4936;0;NA;NA;NA
53;BINARY;semidishonest;semi-bin;3;NA;NA;NA;NA;NA;NA;NA;NA;NA;NA;NA;NA;NA;0;10000;10000;0;13.3243;13.64;92;255%;~13605;23.8116;71.1173;0.317512;14;0.000468089;0.317512;14;0.00441823;NA;NA;NA;NA;NA;NA;NA;NA;NA;NA;NA;NA;0.00852;4;0.00204572;1.29118;3700;1.42274;22.1944;4936;0;22.1944;4936;0;NA;NA;NA
53;BINARY;semidishonest;semi-bin;3;NA;NA;NA;NA;NA;NA;NA;NA;NA;NA;NA;NA;NA;0;10000;10000;0;13.3856;13.70;92;257%;~13605;23.8116;71.1173;0.317512;14;0.00041024;0.317512;14;0.00262951;NA;NA;NA;NA;NA;NA;NA;NA;NA;NA;NA;NA;0.00852;4;0.000130919;1.29118;3700;1.30233;22.1944;4936;0;22.1944;4936;0;NA;NA;NA
53;BINARY;semidishonest;semi-bin;3;NA;NA;NA;NA;NA;NA;NA;NA;NA;NA;NA;NA;NA;0;10000;10000;0;13.27;13.59;96;263%;~13605;23.8116;71.1173;0.317512;14;0.000424299;0.317512;14;0.00754018;NA;NA;NA;NA;NA;NA;NA;NA;NA;NA;NA;NA;0.00852;4;0.00188857;1.29118;3700;1.03418;22.1944;4936;0;22.1944;4936;0;NA;NA;NA
53;BINARY;semidishonest;semi-bin;3;NA;NA;NA;NA;NA;NA;NA;NA;NA;NA;NA;NA;NA;0;1000;10000;0;13.2646;13.58;92;262%;~13605;23.8116;71.1173;0.317512;14;0.000418623;0.317512;14;0.00648468;NA;NA;NA;NA;NA;NA;NA;NA;NA;NA;NA;NA;0.00852;4;0.00138812;1.29118;3700;1.27962;22.1944;4936;0;22.1944;4936;0;NA;NA;NA
53;BINARY;semidishonest;semi-bin;3;NA;NA;NA;NA;NA;NA;NA;NA;NA;NA;NA;NA;NA;0;1000;10000;0;13.2664;13.57;93;259%;~13605;23.8116;71.1173;0.317512;14;0.000407555;0.317512;14;0.00765049;NA;NA;NA;NA;NA;NA;NA;NA;NA;NA;NA;NA;0.00852;4;0.000126824;1.29118;3700;1.16199;22.1944;4936;0;22.1944;4936;0;NA;NA;NA
53;BINARY;semidishonest;semi-bin;3;NA;NA;NA;NA;NA;NA;NA;NA;NA;NA;NA;NA;NA;0;1000;10000;0;13.305;13.62;90;255%;~13605;23.8116;71.1173;0.317512;14;0.000421987;0.317512;14;0.00604004;NA;NA;NA;NA;NA;NA;NA;NA;NA;NA;NA;NA;0.00852;4;0.000872716;1.29118;3700;1.46231;22.1944;4936;0;22.1944;4936;0;NA;NA;NA
53;BINARY;semidishonest;semi-bin;3;NA;NA;NA;NA;NA;NA;NA;NA;NA;NA;NA;NA;NA;0;1000;10000;0;13.2712;13.59;94;262%;~13605;23.8116;71.1173;0.317512;14;0.000415946;0.317512;14;0.00425489;NA;NA;NA;NA;NA;NA;NA;NA;NA;NA;NA;NA;0.00852;4;0.00124372;1.29118;3700;1.15442;22.1944;4936;0;22.1944;4936;0;NA;NA;NA
53;BINARY;semidishonest;semi-bin;3;NA;NA;NA;NA;NA;NA;NA;NA;NA;NA;NA;NA;NA;0;1000;10000;0;13.1194;13.43;92;256%;~13605;23.8116;71.1173;0.317512;14;0.00041094;0.317512;14;0.00764199;NA;NA;NA;NA;NA;NA;NA;NA;NA;NA;NA;NA;0.00852;4;0.000476786;1.29118;3700;1.2986;22.1944;4936;0;22.1944;4936;0;NA;NA;NA
53;BINARY;semidishonest;semi-bin;3;NA;NA;NA;NA;NA;NA;NA;NA;NA;NA;NA;NA;NA;0;1000;10000;0;13.3737;13.69;92;263%;~13605;23.8116;71.1173;0.317512;14;0.000412891;0.317512;14;0.00688198;NA;NA;NA;NA;NA;NA;NA;NA;NA;NA;NA;NA;0.00852;4;0.00331148;1.29118;3700;1.01849;22.1944;4936;0;22.1944;4936;0;NA;NA;NA
53;BINARY;semidishonest;semi-bin;3;NA;NA;NA;NA;NA;NA;NA;NA;NA;NA;NA;NA;NA;0;1000;10000;0;13.2865;13.60;92;262%;~13605;23.8116;71.1173;0.317512;14;0.00042642;0.317512;14;0.00505256;NA;NA;NA;NA;NA;NA;NA;NA;NA;NA;NA;NA;0.00852;4;0.00161204;1.29118;3700;1.05187;22.1944;4936;0;22.1944;4936;0;NA;NA;NA
53;BINARY;semidishonest;semi-bin;3;NA;NA;NA;NA;NA;NA;NA;NA;NA;NA;NA;NA;NA;0;1000;10000;0;13.2736;13.59;92;257%;~13605;23.8116;71.1173;0.317512;14;0.000427802;0.317512;14;0.0060152;NA;NA;NA;NA;NA;NA;NA;NA;NA;NA;NA;NA;0.00852;4;0.00036708;1.29118;3700;1.24051;22.1944;4936;0;22.1944;4936;0;NA;NA;NA
53;BINARY;semidishonest;semi-bin;3;NA;NA;NA;NA;NA;NA;NA;NA;NA;NA;NA;NA;NA;0;1000;10000;0;13.3008;13.61;91;264%;~13605;23.8116;71.1173;0.317512;14;0.00043224;0.317512;14;0.00456211;NA;NA;NA;NA;NA;NA;NA;NA;NA;NA;NA;NA;0.00852;4;0.00080578;1.29118;3700;1.00742;22.1944;4936;0;22.1944;4936;0;NA;NA;NA
53;BINARY;semidishonest;semi-bin;3;NA;NA;NA;NA;NA;NA;NA;NA;NA;NA;NA;NA;NA;0;1000;10000;0;13.3435;13.66;90;259%;~13605;23.8116;71.1173;0.317512;14;0.000451765;0.317512;14;0.00600745;NA;NA;NA;NA;NA;NA;NA;NA;NA;NA;NA;NA;0.00852;4;0.000392428;1.29118;3700;1.22446;22.1944;4936;0;22.1944;4936;0;NA;NA;NA
53;BINARY;semidishonest;semi-bin;3;NA;NA;NA;NA;NA;NA;NA;NA;NA;NA;NA;NA;NA;0;100;10000;0;13.3495;13.66;93;251%;~13605;23.8116;71.1173;0.317512;14;0.000447732;0.317512;14;0.0169663;NA;NA;NA;NA;NA;NA;NA;NA;NA;NA;NA;NA;0.00852;4;0.000394118;1.29118;3700;1.2647;22.1944;4936;0;22.1944;4936;0;NA;NA;NA
53;BINARY;semidishonest;semi-bin;3;NA;NA;NA;NA;NA;NA;NA;NA;NA;NA;NA;NA;NA;0;100;10000;0;13.4172;13.74;92;258%;~13605;23.8116;71.1173;0.317512;14;0.000429348;0.317512;14;0.0190091;NA;NA;NA;NA;NA;NA;NA;NA;NA;NA;NA;NA;0.00852;4;0.00189153;1.29118;3700;1.08245;22.1944;4936;0;22.1944;4936;0;NA;NA;NA
53;BINARY;semidishonest;semi-bin;3;NA;NA;NA;NA;NA;NA;NA;NA;NA;NA;NA;NA;NA;0;100;10000;0;13.3481;13.67;92;255%;~13605;23.8116;71.1173;0.317512;14;0.000433479;0.317512;14;0.0195329;NA;NA;NA;NA;NA;NA;NA;NA;NA;NA;NA;NA;0.00852;4;0.00245076;1.29118;3700;1.14863;22.1944;4936;0;22.1944;4936;0;NA;NA;NA
53;BINARY;semidishonest;semi-bin;3;NA;NA;NA;NA;NA;NA;NA;NA;NA;NA;NA;NA;NA;0;100;10000;0;13.1164;13.43;94;257%;~13605;23.8116;71.1173;0.317512;14;0.000434587;0.317512;14;0.0182279;NA;NA;NA;NA;NA;NA;NA;NA;NA;NA;NA;NA;0.00852;4;0.00209413;1.29118;3700;1.03855;22.1944;4936;0;22.1944;4936;0;NA;NA;NA
53;BINARY;semidishonest;semi-bin;3;NA;NA;NA;NA;NA;NA;NA;NA;NA;NA;NA;NA;NA;0;100;10000;0;13.3212;13.64;92;255%;~13605;23.8116;71.1173;0.317512;14;0.000435084;0.317512;14;0.0188088;NA;NA;NA;NA;NA;NA;NA;NA;NA;NA;NA;NA;0.00852;4;0.00247923;1.29118;3700;1.1415;22.1944;4936;0;22.1944;4936;0;NA;NA;NA
53;BINARY;semidishonest;semi-bin;3;NA;NA;NA;NA;NA;NA;NA;NA;NA;NA;NA;NA;NA;0;100;10000;0;13.2732;13.58;92;255%;~13605;23.8116;71.1173;0.317512;14;0.000442529;0.317512;14;0.0176465;NA;NA;NA;NA;NA;NA;NA;NA;NA;NA;NA;NA;0.00852;4;0.00250221;1.29118;3700;1.29553;22.1944;4936;0;22.1944;4936;0;NA;NA;NA
53;BINARY;semidishonest;semi-bin;3;NA;NA;NA;NA;NA;NA;NA;NA;NA;NA;NA;NA;NA;0;100;10000;0;13.5002;13.82;94;255%;~13605;23.8116;71.1173;0.317512;14;0.000431605;0.317512;14;0.0191578;NA;NA;NA;NA;NA;NA;NA;NA;NA;NA;NA;NA;0.00852;4;0.00277785;1.29118;3700;1.20664;22.1944;4936;0;22.1944;4936;0;NA;NA;NA
53;BINARY;semidishonest;semi-bin;3;NA;NA;NA;NA;NA;NA;NA;NA;NA;NA;NA;NA;NA;0;100;10000;0;13.3886;13.71;92;255%;~13605;23.8116;71.1173;0.317512;14;0.000432593;0.317512;14;0.0198914;NA;NA;NA;NA;NA;NA;NA;NA;NA;NA;NA;NA;0.00852;4;0.00363549;1.29118;3700;1.20049;22.1944;4936;0;22.1944;4936;0;NA;NA;NA
53;BINARY;semidishonest;semi-bin;3;NA;NA;NA;NA;NA;NA;NA;NA;NA;NA;NA;NA;NA;0;100;10000;0;13.3316;13.65;92;251%;~13605;23.8116;71.1173;0.317512;14;0.000430713;0.317512;14;0.0190986;NA;NA;NA;NA;NA;NA;NA;NA;NA;NA;NA;NA;0.00852;4;0.00145404;1.29118;3700;1.13013;22.1944;4936;0;22.1944;4936;0;NA;NA;NA
53;BINARY;semidishonest;semi-bin;3;NA;NA;NA;NA;NA;NA;NA;NA;NA;NA;NA;NA;NA;0;100;10000;0;13.5144;13.83;94;255%;~13605;23.8116;71.1173;0.317512;14;0.000433312;0.317512;14;0.02098;NA;NA;NA;NA;NA;NA;NA;NA;NA;NA;NA;NA;0.00852;4;0.00324288;1.29118;3700;1.11213;22.1944;4936;0;22.1944;4936;0;NA;NA;NA
53;BINARY;semihonest;replicated-bin;3;36.36;1689;15;NA;NA;NA;NA;NA;NA;NA;NA;630000;7;0;25000;10000;0;0.0242079;0.38;84;89%;~12;0.080038;0.240114;3.2e-05;2;0.00046458;3.2e-05;2;0.000860922;NA;NA;NA;NA;NA;NA;0.080006;7;0.00444417;NA;NA;NA;NA;NA;NA;NA;NA;NA;NA;NA;NA;NA;NA;NA;NA;NA;NA
53;BINARY;semihonest;replicated-bin;3;NA;NA;NA;NA;NA;NA;NA;NA;NA;NA;NA;NA;NA;0;25000;10000;0;0.0242538;0.40;84;85%;~12;0.080038;0.240114;3.2e-05;2;0.000571709;3.2e-05;2;0.00125069;NA;NA;NA;NA;NA;NA;0.080006;7;0.00331406;NA;NA;NA;NA;NA;NA;NA;NA;NA;NA;NA;NA;NA;NA;NA;NA;NA;NA
53;BINARY;semihonest;replicated-bin;3;NA;NA;NA;NA;NA;NA;NA;NA;NA;NA;NA;NA;NA;0;25000;10000;0;0.0236509;0.38;82;88%;~12;0.080038;0.240114;3.2e-05;2;0.00073169;3.2e-05;2;0.000509451;NA;NA;NA;NA;NA;NA;0.080006;7;0.00377199;NA;NA;NA;NA;NA;NA;NA;NA;NA;NA;NA;NA;NA;NA;NA;NA;NA;NA
53;BINARY;semihonest;replicated-bin;3;NA;NA;NA;NA;NA;NA;NA;NA;NA;NA;NA;NA;NA;0;25000;10000;0;0.0236848;0.38;82;89%;~12;0.080038;0.240114;3.2e-05;2;0.000540487;3.2e-05;2;0.000669736;NA;NA;NA;NA;NA;NA;0.080006;7;0.00390618;NA;NA;NA;NA;NA;NA;NA;NA;NA;NA;NA;NA;NA;NA;NA;NA;NA;NA
53;BINARY;semihonest;replicated-bin;3;NA;NA;NA;NA;NA;NA;NA;NA;NA;NA;NA;NA;NA;0;25000;10000;0;0.0241701;0.38;84;91%;~12;0.080038;0.240114;3.2e-05;2;0.000554902;3.2e-05;2;0.00132294;NA;NA;NA;NA;NA;NA;0.080006;7;0.00442615;NA;NA;NA;NA;NA;NA;NA;NA;NA;NA;NA;NA;NA;NA;NA;NA;NA;NA
53;BINARY;semihonest;replicated-bin;3;NA;NA;NA;NA;NA;NA;NA;NA;NA;NA;NA;NA;NA;0;25000;10000;0;0.0240833;0.38;84;89%;~12;0.080038;0.240114;3.2e-05;2;0.000609274;3.2e-05;2;0.000678906;NA;NA;NA;NA;NA;NA;0.080006;7;0.00352771;NA;NA;NA;NA;NA;NA;NA;NA;NA;NA;NA;NA;NA;NA;NA;NA;NA;NA
53;BINARY;semihonest;replicated-bin;3;NA;NA;NA;NA;NA;NA;NA;NA;NA;NA;NA;NA;NA;0;25000;10000;0;0.0251296;0.38;83;89%;~12;0.080038;0.240114;3.2e-05;2;0.000546394;3.2e-05;2;0.00121427;NA;NA;NA;NA;NA;NA;0.080006;7;0.00342157;NA;NA;NA;NA;NA;NA;NA;NA;NA;NA;NA;NA;NA;NA;NA;NA;NA;NA
53;BINARY;semihonest;replicated-bin;3;NA;NA;NA;NA;NA;NA;NA;NA;NA;NA;NA;NA;NA;0;25000;10000;0;0.0228428;0.39;84;88%;~12;0.080038;0.240114;3.2e-05;2;0.000499046;3.2e-05;2;0.000766085;NA;NA;NA;NA;NA;NA;0.080006;7;0.00326115;NA;NA;NA;NA;NA;NA;NA;NA;NA;NA;NA;NA;NA;NA;NA;NA;NA;NA
53;BINARY;semihonest;replicated-bin;3;NA;NA;NA;NA;NA;NA;NA;NA;NA;NA;NA;NA;NA;0;25000;10000;0;0.0233445;0.38;82;91%;~12;0.080038;0.240114;3.2e-05;2;0.000577318;3.2e-05;2;0.000468455;NA;NA;NA;NA;NA;NA;0.080006;7;0.00381359;NA;NA;NA;NA;NA;NA;NA;NA;NA;NA;NA;NA;NA;NA;NA;NA;NA;NA
53;BINARY;semihonest;replicated-bin;3;NA;NA;NA;NA;NA;NA;NA;NA;NA;NA;NA;NA;NA;0;25000;10000;0;0.0240728;0.37;84;91%;~12;0.080038;0.240114;3.2e-05;2;0.000608738;3.2e-05;2;0.000578639;NA;NA;NA;NA;NA;NA;0.080006;7;0.00309908;NA;NA;NA;NA;NA;NA;NA;NA;NA;NA;NA;NA;NA;NA;NA;NA;NA;NA
53;BINARY;semihonest;replicated-bin;3;NA;NA;NA;NA;NA;NA;NA;NA;NA;NA;NA;NA;NA;0;10000;10000;0;0.0239129;0.38;82;91%;~12;0.080038;0.240114;3.2e-05;2;0.000447911;3.2e-05;2;0.00141727;NA;NA;NA;NA;NA;NA;0.080006;7;0.00409222;NA;NA;NA;NA;NA;NA;NA;NA;NA;NA;NA;NA;NA;NA;NA;NA;NA;NA
53;BINARY;semihonest;replicated-bin;3;NA;NA;NA;NA;NA;NA;NA;NA;NA;NA;NA;NA;NA;0;10000;10000;0;0.0238898;0.38;84;89%;~12;0.080038;0.240114;3.2e-05;2;0.000544862;3.2e-05;2;0.000626984;NA;NA;NA;NA;NA;NA;0.080006;7;0.00317535;NA;NA;NA;NA;NA;NA;NA;NA;NA;NA;NA;NA;NA;NA;NA;NA;NA;NA
53;BINARY;semihonest;replicated-bin;3;NA;NA;NA;NA;NA;NA;NA;NA;NA;NA;NA;NA;NA;0;10000;10000;0;0.0235799;0.38;82;90%;~12;0.080038;0.240114;3.2e-05;2;0.000492578;3.2e-05;2;0.000747675;NA;NA;NA;NA;NA;NA;0.080006;7;0.00306301;NA;NA;NA;NA;NA;NA;NA;NA;NA;NA;NA;NA;NA;NA;NA;NA;NA;NA
53;BINARY;semihonest;replicated-bin;3;NA;NA;NA;NA;NA;NA;NA;NA;NA;NA;NA;NA;NA;0;10000;10000;0;0.0226595;0.38;82;92%;~12;0.080038;0.240114;3.2e-05;2;0.00061664;3.2e-05;2;0.000483843;NA;NA;NA;NA;NA;NA;0.080006;7;0.0038013;NA;NA;NA;NA;NA;NA;NA;NA;NA;NA;NA;NA;NA;NA;NA;NA;NA;NA
53;BINARY;semihonest;replicated-bin;3;NA;NA;NA;NA;NA;NA;NA;NA;NA;NA;NA;NA;NA;0;10000;10000;0;0.0247492;0.38;84;90%;~12;0.080038;0.240114;3.2e-05;2;0.000473205;3.2e-05;2;0.00198723;NA;NA;NA;NA;NA;NA;0.080006;7;0.00349148;NA;NA;NA;NA;NA;NA;NA;NA;NA;NA;NA;NA;NA;NA;NA;NA;NA;NA
53;BINARY;semihonest;replicated-bin;3;NA;NA;NA;NA;NA;NA;NA;NA;NA;NA;NA;NA;NA;0;10000;10000;0;0.0233237;0.38;82;91%;~12;0.080038;0.240114;3.2e-05;2;0.000421768;3.2e-05;2;0.000578886;NA;NA;NA;NA;NA;NA;0.080006;7;0.00387997;NA;NA;NA;NA;NA;NA;NA;NA;NA;NA;NA;NA;NA;NA;NA;NA;NA;NA
53;BINARY;semihonest;replicated-bin;3;NA;NA;NA;NA;NA;NA;NA;NA;NA;NA;NA;NA;NA;0;10000;10000;0;0.0234838;0.38;82;92%;~12;0.080038;0.240114;3.2e-05;2;0.000557386;3.2e-05;2;0.00052481;NA;NA;NA;NA;NA;NA;0.080006;7;0.00450642;NA;NA;NA;NA;NA;NA;NA;NA;NA;NA;NA;NA;NA;NA;NA;NA;NA;NA
53;BINARY;semihonest;replicated-bin;3;NA;NA;NA;NA;NA;NA;NA;NA;NA;NA;NA;NA;NA;0;10000;10000;0;0.0235947;0.38;84;90%;~12;0.080038;0.240114;3.2e-05;2;0.000455626;3.2e-05;2;0.00044048;NA;NA;NA;NA;NA;NA;0.080006;7;0.00338724;NA;NA;NA;NA;NA;NA;NA;NA;NA;NA;NA;NA;NA;NA;NA;NA;NA;NA
53;BINARY;semihonest;replicated-bin;3;NA;NA;NA;NA;NA;NA;NA;NA;NA;NA;NA;NA;NA;0;10000;10000;0;0.024075;0.38;84;91%;~12;0.080038;0.240114;3.2e-05;2;0.000600414;3.2e-05;2;0.000711278;NA;NA;NA;NA;NA;NA;0.080006;7;0.00336756;NA;NA;NA;NA;NA;NA;NA;NA;NA;NA;NA;NA;NA;NA;NA;NA;NA;NA
53;BINARY;semihonest;replicated-bin;3;NA;NA;NA;NA;NA;NA;NA;NA;NA;NA;NA;NA;NA;0;10000;10000;0;0.0242098;0.38;82;91%;~12;0.080038;0.240114;3.2e-05;2;0.000604859;3.2e-05;2;0.000544595;NA;NA;NA;NA;NA;NA;0.080006;7;0.00362547;NA;NA;NA;NA;NA;NA;NA;NA;NA;NA;NA;NA;NA;NA;NA;NA;NA;NA
53;BINARY;semihonest;replicated-bin;3;NA;NA;NA;NA;NA;NA;NA;NA;NA;NA;NA;NA;NA;0;1000;10000;0;0.0250535;0.39;82;87%;~12;0.080038;0.240114;3.2e-05;2;0.000607253;3.2e-05;2;0.000724121;NA;NA;NA;NA;NA;NA;0.080006;7;0.00397613;NA;NA;NA;NA;NA;NA;NA;NA;NA;NA;NA;NA;NA;NA;NA;NA;NA;NA
53;BINARY;semihonest;replicated-bin;3;NA;NA;NA;NA;NA;NA;NA;NA;NA;NA;NA;NA;NA;0;1000;10000;0;0.0248149;0.38;84;89%;~12;0.080038;0.240114;3.2e-05;2;0.000524191;3.2e-05;2;0.00129973;NA;NA;NA;NA;NA;NA;0.080006;7;0.00354779;NA;NA;NA;NA;NA;NA;NA;NA;NA;NA;NA;NA;NA;NA;NA;NA;NA;NA
53;BINARY;semihonest;replicated-bin;3;NA;NA;NA;NA;NA;NA;NA;NA;NA;NA;NA;NA;NA;0;1000;10000;0;0.0311165;0.43;82;81%;~12;0.080038;0.240114;3.2e-05;2;0.00050671;3.2e-05;2;0.00146072;NA;NA;NA;NA;NA;NA;0.080006;7;0.00861624;NA;NA;NA;NA;NA;NA;NA;NA;NA;NA;NA;NA;NA;NA;NA;NA;NA;NA
53;BINARY;semihonest;replicated-bin;3;NA;NA;NA;NA;NA;NA;NA;NA;NA;NA;NA;NA;NA;0;1000;10000;0;0.0236792;0.38;82;89%;~12;0.080038;0.240114;3.2e-05;2;0.000540395;3.2e-05;2;0.000438125;NA;NA;NA;NA;NA;NA;0.080006;7;0.00416715;NA;NA;NA;NA;NA;NA;NA;NA;NA;NA;NA;NA;NA;NA;NA;NA;NA;NA
53;BINARY;semihonest;replicated-bin;3;NA;NA;NA;NA;NA;NA;NA;NA;NA;NA;NA;NA;NA;0;1000;10000;0;0.0250484;0.38;84;90%;~12;0.080038;0.240114;3.2e-05;2;0.000549856;3.2e-05;2;0.00127822;NA;NA;NA;NA;NA;NA;0.080006;7;0.00492349;NA;NA;NA;NA;NA;NA;NA;NA;NA;NA;NA;NA;NA;NA;NA;NA;NA;NA
53;BINARY;semihonest;replicated-bin;3;NA;NA;NA;NA;NA;NA;NA;NA;NA;NA;NA;NA;NA;0;1000;10000;0;0.0242987;0.38;82;90%;~12;0.080038;0.240114;3.2e-05;2;0.000560108;3.2e-05;2;0.000445123;NA;NA;NA;NA;NA;NA;0.080006;7;0.00379937;NA;NA;NA;NA;NA;NA;NA;NA;NA;NA;NA;NA;NA;NA;NA;NA;NA;NA
53;BINARY;semihonest;replicated-bin;3;NA;NA;NA;NA;NA;NA;NA;NA;NA;NA;NA;NA;NA;0;1000;10000;0;0.0236444;0.38;84;90%;~12;0.080038;0.240114;3.2e-05;2;0.000602002;3.2e-05;2;0.000516314;NA;NA;NA;NA;NA;NA;0.080006;7;0.00454264;NA;NA;NA;NA;NA;NA;NA;NA;NA;NA;NA;NA;NA;NA;NA;NA;NA;NA
53;BINARY;semihonest;replicated-bin;3;NA;NA;NA;NA;NA;NA;NA;NA;NA;NA;NA;NA;NA;0;1000;10000;0;0.0236808;0.38;82;91%;~12;0.080038;0.240114;3.2e-05;2;0.000494655;3.2e-05;2;0.000842087;NA;NA;NA;NA;NA;NA;0.080006;7;0.00383294;NA;NA;NA;NA;NA;NA;NA;NA;NA;NA;NA;NA;NA;NA;NA;NA;NA;NA
53;BINARY;semihonest;replicated-bin;3;NA;NA;NA;NA;NA;NA;NA;NA;NA;NA;NA;NA;NA;0;1000;10000;0;0.024684;0.38;82;92%;~12;0.080038;0.240114;3.2e-05;2;0.000575872;3.2e-05;2;0.000574249;NA;NA;NA;NA;NA;NA;0.080006;7;0.00521304;NA;NA;NA;NA;NA;NA;NA;NA;NA;NA;NA;NA;NA;NA;NA;NA;NA;NA
53;BINARY;semihonest;replicated-bin;3;NA;NA;NA;NA;NA;NA;NA;NA;NA;NA;NA;NA;NA;0;1000;10000;0;0.0233677;0.38;82;90%;~12;0.080038;0.240114;3.2e-05;2;0.000520387;3.2e-05;2;0.000592422;NA;NA;NA;NA;NA;NA;0.080006;7;0.0035688;NA;NA;NA;NA;NA;NA;NA;NA;NA;NA;NA;NA;NA;NA;NA;NA;NA;NA
53;BINARY;semihonest;replicated-bin;3;NA;NA;NA;NA;NA;NA;NA;NA;NA;NA;NA;NA;NA;0;100;10000;0;0.0308122;0.39;82;89%;~12;0.080038;0.240114;3.2e-05;2;0.000596734;3.2e-05;2;0.000711855;NA;NA;NA;NA;NA;NA;0.080006;7;0.00962159;NA;NA;NA;NA;NA;NA;NA;NA;NA;NA;NA;NA;NA;NA;NA;NA;NA;NA
53;BINARY;semihonest;replicated-bin;3;NA;NA;NA;NA;NA;NA;NA;NA;NA;NA;NA;NA;NA;0;100;10000;0;0.0288142;0.39;82;90%;~12;0.080038;0.240114;3.2e-05;2;0.000505225;3.2e-05;2;0.000602356;NA;NA;NA;NA;NA;NA;0.080006;7;0.0102018;NA;NA;NA;NA;NA;NA;NA;NA;NA;NA;NA;NA;NA;NA;NA;NA;NA;NA
53;BINARY;semihonest;replicated-bin;3;NA;NA;NA;NA;NA;NA;NA;NA;NA;NA;NA;NA;NA;0;100;10000;0;0.0310343;0.39;84;87%;~12;0.080038;0.240114;3.2e-05;2;0.000564319;3.2e-05;2;0.000900282;NA;NA;NA;NA;NA;NA;0.080006;7;0.0111299;NA;NA;NA;NA;NA;NA;NA;NA;NA;NA;NA;NA;NA;NA;NA;NA;NA;NA
53;BINARY;semihonest;replicated-bin;3;NA;NA;NA;NA;NA;NA;NA;NA;NA;NA;NA;NA;NA;0;100;10000;0;0.0308661;0.39;82;89%;~12;0.080038;0.240114;3.2e-05;2;0.000568383;3.2e-05;2;0.000805103;NA;NA;NA;NA;NA;NA;0.080006;7;0.00977594;NA;NA;NA;NA;NA;NA;NA;NA;NA;NA;NA;NA;NA;NA;NA;NA;NA;NA
53;BINARY;semihonest;replicated-bin;3;NA;NA;NA;NA;NA;NA;NA;NA;NA;NA;NA;NA;NA;0;100;10000;0;0.0311347;0.39;84;88%;~12;0.080038;0.240114;3.2e-05;2;0.000563137;3.2e-05;2;0.00127449;NA;NA;NA;NA;NA;NA;0.080006;7;0.00979465;NA;NA;NA;NA;NA;NA;NA;NA;NA;NA;NA;NA;NA;NA;NA;NA;NA;NA
53;BINARY;semihonest;replicated-bin;3;NA;NA;NA;NA;NA;NA;NA;NA;NA;NA;NA;NA;NA;0;100;10000;0;0.0304659;0.40;84;86%;~12;0.080038;0.240114;3.2e-05;2;0.000602803;3.2e-05;2;0.000354594;NA;NA;NA;NA;NA;NA;0.080006;7;0.0110838;NA;NA;NA;NA;NA;NA;NA;NA;NA;NA;NA;NA;NA;NA;NA;NA;NA;NA
53;BINARY;semihonest;replicated-bin;3;NA;NA;NA;NA;NA;NA;NA;NA;NA;NA;NA;NA;NA;0;100;10000;0;0.0308931;0.39;84;89%;~12;0.080038;0.240114;3.2e-05;2;0.000652631;3.2e-05;2;0.000771201;NA;NA;NA;NA;NA;NA;0.080006;7;0.00965127;NA;NA;NA;NA;NA;NA;NA;NA;NA;NA;NA;NA;NA;NA;NA;NA;NA;NA
53;BINARY;semihonest;replicated-bin;3;NA;NA;NA;NA;NA;NA;NA;NA;NA;NA;NA;NA;NA;0;100;10000;0;0.0332189;0.42;84;83%;~12;0.080038;0.240114;3.2e-05;2;0.000432487;3.2e-05;2;0.000455263;NA;NA;NA;NA;NA;NA;0.080006;7;0.0130072;NA;NA;NA;NA;NA;NA;NA;NA;NA;NA;NA;NA;NA;NA;NA;NA;NA;NA
53;BINARY;semihonest;replicated-bin;3;NA;NA;NA;NA;NA;NA;NA;NA;NA;NA;NA;NA;NA;0;100;10000;0;0.030745;0.39;82;87%;~12;0.080038;0.240114;3.2e-05;2;0.000481295;3.2e-05;2;0.000581028;NA;NA;NA;NA;NA;NA;0.080006;7;0.00967832;NA;NA;NA;NA;NA;NA;NA;NA;NA;NA;NA;NA;NA;NA;NA;NA;NA;NA
53;BINARY;semihonest;replicated-bin;3;NA;NA;NA;NA;NA;NA;NA;NA;NA;NA;NA;NA;NA;0;100;10000;0;0.0314009;0.39;84;89%;~12;0.080038;0.240114;3.2e-05;2;0.000679173;3.2e-05;2;0.00106039;NA;NA;NA;NA;NA;NA;0.080006;7;0.0110909;NA;NA;NA;NA;NA;NA;NA;NA;NA;NA;NA;NA;NA;NA;NA;NA;NA;NA
53;RING;semihonest;replicated-ring;3;NA;NA;NA;NA;NA;NA;NA;NA;NA;NA;NA;NA;NA;25;25000;10000;0;0.69232;2.64;17;4%;~12;0.310806;0.932418;NA;NA;NA;NA;NA;NA;NA;NA;NA;NA;NA;NA;NA;NA;NA;NA;NA;NA;NA;NA;NA;NA;NA;NA;NA;NA;NA;NA;NA;NA;NA;NA;NA
53;RING;semihonest;replicated-ring;3;NA;NA;NA;NA;NA;NA;NA;NA;NA;NA;NA;NA;NA;25;25000;10000;0;0.682308;2.63;17;4%;~12;0.310806;0.932418;NA;NA;NA;NA;NA;NA;NA;NA;NA;NA;NA;NA;NA;NA;NA;NA;NA;NA;NA;NA;NA;NA;NA;NA;NA;NA;NA;NA;NA;NA;NA;NA;NA
53;RING;semihonest;replicated-ring;3;NA;NA;NA;NA;NA;NA;NA;NA;NA;NA;NA;NA;NA;25;25000;10000;0;0.692207;2.65;17;4%;~12;0.310806;0.932418;NA;NA;NA;NA;NA;NA;NA;NA;NA;NA;NA;NA;NA;NA;NA;NA;NA;NA;NA;NA;NA;NA;NA;NA;NA;NA;NA;NA;NA;NA;NA;NA;NA
53;RING;semihonest;replicated-ring;3;NA;NA;NA;NA;NA;NA;NA;NA;NA;NA;NA;NA;NA;25;25000;10000;0;0.692185;2.64;17;4%;~12;0.310806;0.932418;NA;NA;NA;NA;NA;NA;NA;NA;NA;NA;NA;NA;NA;NA;NA;NA;NA;NA;NA;NA;NA;NA;NA;NA;NA;NA;NA;NA;NA;NA;NA;NA;NA
53;RING;semihonest;replicated-ring;3;NA;NA;NA;NA;NA;NA;NA;NA;NA;NA;NA;NA;NA;25;25000;10000;0;0.691915;2.64;17;4%;~12;0.310806;0.932418;NA;NA;NA;NA;NA;NA;NA;NA;NA;NA;NA;NA;NA;NA;NA;NA;NA;NA;NA;NA;NA;NA;NA;NA;NA;NA;NA;NA;NA;NA;NA;NA;NA
53;RING;semihonest;replicated-ring;3;NA;NA;NA;NA;NA;NA;NA;NA;NA;NA;NA;NA;NA;25;25000;10000;0;0.692193;2.63;19;4%;~12;0.310806;0.932418;NA;NA;NA;NA;NA;NA;NA;NA;NA;NA;NA;NA;NA;NA;NA;NA;NA;NA;NA;NA;NA;NA;NA;NA;NA;NA;NA;NA;NA;NA;NA;NA;NA
53;RING;semihonest;replicated-ring;3;NA;NA;NA;NA;NA;NA;NA;NA;NA;NA;NA;NA;NA;25;25000;10000;0;0.692522;2.64;19;4%;~12;0.310806;0.932418;NA;NA;NA;NA;NA;NA;NA;NA;NA;NA;NA;NA;NA;NA;NA;NA;NA;NA;NA;NA;NA;NA;NA;NA;NA;NA;NA;NA;NA;NA;NA;NA;NA
53;RING;semihonest;replicated-ring;3;NA;NA;NA;NA;NA;NA;NA;NA;NA;NA;NA;NA;NA;25;25000;10000;0;0.692501;2.64;17;4%;~12;0.310806;0.932418;NA;NA;NA;NA;NA;NA;NA;NA;NA;NA;NA;NA;NA;NA;NA;NA;NA;NA;NA;NA;NA;NA;NA;NA;NA;NA;NA;NA;NA;NA;NA;NA;NA
53;RING;semihonest;replicated-ring;3;NA;NA;NA;NA;NA;NA;NA;NA;NA;NA;NA;NA;NA;25;25000;10000;0;0.692063;2.65;19;4%;~12;0.310806;0.932418;NA;NA;NA;NA;NA;NA;NA;NA;NA;NA;NA;NA;NA;NA;NA;NA;NA;NA;NA;NA;NA;NA;NA;NA;NA;NA;NA;NA;NA;NA;NA;NA;NA
53;RING;semihonest;replicated-ring;3;NA;NA;NA;NA;NA;NA;NA;NA;NA;NA;NA;NA;NA;25;25000;10000;0;0.692958;2.64;17;4%;~12;0.310806;0.932418;NA;NA;NA;NA;NA;NA;NA;NA;NA;NA;NA;NA;NA;NA;NA;NA;NA;NA;NA;NA;NA;NA;NA;NA;NA;NA;NA;NA;NA;NA;NA;NA;NA
53;RING;semihonest;replicated-ring;3;NA;NA;NA;NA;NA;NA;NA;NA;NA;NA;NA;NA;NA;50;25000;10000;0;1.31776;5.06;19;2%;~12;0.310806;0.932418;NA;NA;NA;NA;NA;NA;NA;NA;NA;NA;NA;NA;NA;NA;NA;NA;NA;NA;NA;NA;NA;NA;NA;NA;NA;NA;NA;NA;NA;NA;NA;NA;NA
53;RING;semihonest;replicated-ring;3;NA;NA;NA;NA;NA;NA;NA;NA;NA;NA;NA;NA;NA;50;25000;10000;0;1.31753;5.08;17;2%;~12;0.310806;0.932418;NA;NA;NA;NA;NA;NA;NA;NA;NA;NA;NA;NA;NA;NA;NA;NA;NA;NA;NA;NA;NA;NA;NA;NA;NA;NA;NA;NA;NA;NA;NA;NA;NA
53;RING;semihonest;replicated-ring;3;NA;NA;NA;NA;NA;NA;NA;NA;NA;NA;NA;NA;NA;50;25000;10000;0;1.26113;5.01;17;2%;~12;0.310806;0.932418;NA;NA;NA;NA;NA;NA;NA;NA;NA;NA;NA;NA;NA;NA;NA;NA;NA;NA;NA;NA;NA;NA;NA;NA;NA;NA;NA;NA;NA;NA;NA;NA;NA
53;RING;semihonest;replicated-ring;3;NA;NA;NA;NA;NA;NA;NA;NA;NA;NA;NA;NA;NA;50;25000;10000;0;1.31687;5.06;17;2%;~12;0.310806;0.932418;NA;NA;NA;NA;NA;NA;NA;NA;NA;NA;NA;NA;NA;NA;NA;NA;NA;NA;NA;NA;NA;NA;NA;NA;NA;NA;NA;NA;NA;NA;NA;NA;NA
53;RING;semihonest;replicated-ring;3;NA;NA;NA;NA;NA;NA;NA;NA;NA;NA;NA;NA;NA;50;25000;10000;0;1.31711;5.07;17;2%;~12;0.310806;0.932418;NA;NA;NA;NA;NA;NA;NA;NA;NA;NA;NA;NA;NA;NA;NA;NA;NA;NA;NA;NA;NA;NA;NA;NA;NA;NA;NA;NA;NA;NA;NA;NA;NA
53;RING;semihonest;replicated-ring;3;NA;NA;NA;NA;NA;NA;NA;NA;NA;NA;NA;NA;NA;50;25000;10000;0;1.31652;5.06;19;2%;~12;0.310806;0.932418;NA;NA;NA;NA;NA;NA;NA;NA;NA;NA;NA;NA;NA;NA;NA;NA;NA;NA;NA;NA;NA;NA;NA;NA;NA;NA;NA;NA;NA;NA;NA;NA;NA
53;RING;semihonest;replicated-ring;3;NA;NA;NA;NA;NA;NA;NA;NA;NA;NA;NA;NA;NA;50;25000;10000;0;1.3173;5.07;19;2%;~12;0.310806;0.932418;NA;NA;NA;NA;NA;NA;NA;NA;NA;NA;NA;NA;NA;NA;NA;NA;NA;NA;NA;NA;NA;NA;NA;NA;NA;NA;NA;NA;NA;NA;NA;NA;NA
53;RING;semihonest;replicated-ring;3;NA;NA;NA;NA;NA;NA;NA;NA;NA;NA;NA;NA;NA;50;25000;10000;0;1.31723;5.07;17;2%;~12;0.310806;0.932418;NA;NA;NA;NA;NA;NA;NA;NA;NA;NA;NA;NA;NA;NA;NA;NA;NA;NA;NA;NA;NA;NA;NA;NA;NA;NA;NA;NA;NA;NA;NA;NA;NA
53;RING;semihonest;replicated-ring;3;NA;NA;NA;NA;NA;NA;NA;NA;NA;NA;NA;NA;NA;50;25000;10000;0;1.31718;5.06;19;2%;~12;0.310806;0.932418;NA;NA;NA;NA;NA;NA;NA;NA;NA;NA;NA;NA;NA;NA;NA;NA;NA;NA;NA;NA;NA;NA;NA;NA;NA;NA;NA;NA;NA;NA;NA;NA;NA
53;RING;semihonest;replicated-ring;3;NA;NA;NA;NA;NA;NA;NA;NA;NA;NA;NA;NA;NA;50;25000;10000;0;1.3174;5.06;17;2%;~12;0.310806;0.932418;NA;NA;NA;NA;NA;NA;NA;NA;NA;NA;NA;NA;NA;NA;NA;NA;NA;NA;NA;NA;NA;NA;NA;NA;NA;NA;NA;NA;NA;NA;NA;NA;NA
53;RING;semihonest;replicated-ring;3;NA;NA;NA;NA;NA;NA;NA;NA;NA;NA;NA;NA;NA;75;25000;10000;0;1.94239;7.50;19;1%;~12;0.310806;0.932418;NA;NA;NA;NA;NA;NA;NA;NA;NA;NA;NA;NA;NA;NA;NA;NA;NA;NA;NA;NA;NA;NA;NA;NA;NA;NA;NA;NA;NA;NA;NA;NA;NA
53;RING;semihonest;replicated-ring;3;NA;NA;NA;NA;NA;NA;NA;NA;NA;NA;NA;NA;NA;75;25000;10000;0;1.94218;7.49;17;1%;~12;0.310806;0.932418;NA;NA;NA;NA;NA;NA;NA;NA;NA;NA;NA;NA;NA;NA;NA;NA;NA;NA;NA;NA;NA;NA;NA;NA;NA;NA;NA;NA;NA;NA;NA;NA;NA
53;RING;semihonest;replicated-ring;3;NA;NA;NA;NA;NA;NA;NA;NA;NA;NA;NA;NA;NA;75;25000;10000;0;1.94309;7.49;17;1%;~12;0.310806;0.932418;NA;NA;NA;NA;NA;NA;NA;NA;NA;NA;NA;NA;NA;NA;NA;NA;NA;NA;NA;NA;NA;NA;NA;NA;NA;NA;NA;NA;NA;NA;NA;NA;NA
53;RING;semihonest;replicated-ring;3;NA;NA;NA;NA;NA;NA;NA;NA;NA;NA;NA;NA;NA;75;25000;10000;0;1.94249;7.49;17;1%;~12;0.310806;0.932418;NA;NA;NA;NA;NA;NA;NA;NA;NA;NA;NA;NA;NA;NA;NA;NA;NA;NA;NA;NA;NA;NA;NA;NA;NA;NA;NA;NA;NA;NA;NA;NA;NA
53;RING;semihonest;replicated-ring;3;NA;NA;NA;NA;NA;NA;NA;NA;NA;NA;NA;NA;NA;75;25000;10000;0;1.94244;7.49;19;1%;~12;0.310806;0.932418;NA;NA;NA;NA;NA;NA;NA;NA;NA;NA;NA;NA;NA;NA;NA;NA;NA;NA;NA;NA;NA;NA;NA;NA;NA;NA;NA;NA;NA;NA;NA;NA;NA
53;RING;semihonest;replicated-ring;3;NA;NA;NA;NA;NA;NA;NA;NA;NA;NA;NA;NA;NA;75;25000;10000;0;1.94265;7.49;17;1%;~12;0.310806;0.932418;NA;NA;NA;NA;NA;NA;NA;NA;NA;NA;NA;NA;NA;NA;NA;NA;NA;NA;NA;NA;NA;NA;NA;NA;NA;NA;NA;NA;NA;NA;NA;NA;NA
53;RING;semihonest;replicated-ring;3;NA;NA;NA;NA;NA;NA;NA;NA;NA;NA;NA;NA;NA;75;25000;10000;0;1.94243;7.49;17;1%;~12;0.310806;0.932418;NA;NA;NA;NA;NA;NA;NA;NA;NA;NA;NA;NA;NA;NA;NA;NA;NA;NA;NA;NA;NA;NA;NA;NA;NA;NA;NA;NA;NA;NA;NA;NA;NA
53;RING;semihonest;replicated-ring;3;NA;NA;NA;NA;NA;NA;NA;NA;NA;NA;NA;NA;NA;75;25000;10000;0;1.9422;7.49;17;1%;~12;0.310806;0.932418;NA;NA;NA;NA;NA;NA;NA;NA;NA;NA;NA;NA;NA;NA;NA;NA;NA;NA;NA;NA;NA;NA;NA;NA;NA;NA;NA;NA;NA;NA;NA;NA;NA
53;RING;semihonest;replicated-ring;3;NA;NA;NA;NA;NA;NA;NA;NA;NA;NA;NA;NA;NA;75;25000;10000;0;1.9424;7.49;17;1%;~12;0.310806;0.932418;NA;NA;NA;NA;NA;NA;NA;NA;NA;NA;NA;NA;NA;NA;NA;NA;NA;NA;NA;NA;NA;NA;NA;NA;NA;NA;NA;NA;NA;NA;NA;NA;NA
53;RING;semihonest;replicated-ring;3;NA;NA;NA;NA;NA;NA;NA;NA;NA;NA;NA;NA;NA;75;25000;10000;0;1.94247;7.49;19;1%;~12;0.310806;0.932418;NA;NA;NA;NA;NA;NA;NA;NA;NA;NA;NA;NA;NA;NA;NA;NA;NA;NA;NA;NA;NA;NA;NA;NA;NA;NA;NA;NA;NA;NA;NA;NA;NA
53;BINARY;semihonest;replicated-bin;3;35.89;1690;15;NA;NA;NA;NA;NA;NA;NA;NA;630000;7;0;25000;10000;0;0.0243341;0.39;82;66%;~12;0.080038;0.240114;3.2e-05;2;0.000617407;3.2e-05;2;0.000726465;NA;NA;NA;NA;NA;NA;0.080006;7;0.00294927;NA;NA;NA;NA;NA;NA;NA;NA;NA;NA;NA;NA;NA;NA;NA;NA;NA;NA
53;BINARY;semihonest;replicated-bin;3;NA;NA;NA;NA;NA;NA;NA;NA;NA;NA;NA;NA;NA;0;25000;10000;0;0.0233258;0.38;82;90%;~12;0.080038;0.240114;3.2e-05;2;0.000622746;3.2e-05;2;0.000704909;NA;NA;NA;NA;NA;NA;0.080006;7;0.00304745;NA;NA;NA;NA;NA;NA;NA;NA;NA;NA;NA;NA;NA;NA;NA;NA;NA;NA
53;BINARY;semihonest;replicated-bin;3;NA;NA;NA;NA;NA;NA;NA;NA;NA;NA;NA;NA;NA;0;25000;10000;0;0.0252234;0.38;84;91%;~12;0.080038;0.240114;3.2e-05;2;0.000650628;3.2e-05;2;0.000520199;NA;NA;NA;NA;NA;NA;0.080006;7;0.00454056;NA;NA;NA;NA;NA;NA;NA;NA;NA;NA;NA;NA;NA;NA;NA;NA;NA;NA
53;BINARY;semihonest;replicated-bin;3;NA;NA;NA;NA;NA;NA;NA;NA;NA;NA;NA;NA;NA;0;25000;10000;0;0.0240245;0.38;84;90%;~12;0.080038;0.240114;3.2e-05;2;0.000592172;3.2e-05;2;0.00054195;NA;NA;NA;NA;NA;NA;0.080006;7;0.00430146;NA;NA;NA;NA;NA;NA;NA;NA;NA;NA;NA;NA;NA;NA;NA;NA;NA;NA
53;BINARY;semihonest;replicated-bin;3;NA;NA;NA;NA;NA;NA;NA;NA;NA;NA;NA;NA;NA;0;25000;10000;0;0.0248731;0.38;84;64%;~12;0.080038;0.240114;3.2e-05;2;0.000575894;3.2e-05;2;0.000518925;NA;NA;NA;NA;NA;NA;0.080006;7;0.00243785;NA;NA;NA;NA;NA;NA;NA;NA;NA;NA;NA;NA;NA;NA;NA;NA;NA;NA
53;BINARY;semihonest;replicated-bin;3;NA;NA;NA;NA;NA;NA;NA;NA;NA;NA;NA;NA;NA;0;25000;10000;0;0.0246714;0.38;84;90%;~12;0.080038;0.240114;3.2e-05;2;0.000538835;3.2e-05;2;0.00142548;NA;NA;NA;NA;NA;NA;0.080006;7;0.00327006;NA;NA;NA;NA;NA;NA;NA;NA;NA;NA;NA;NA;NA;NA;NA;NA;NA;NA
53;BINARY;semihonest;replicated-bin;3;NA;NA;NA;NA;NA;NA;NA;NA;NA;NA;NA;NA;NA;0;25000;10000;0;0.0240122;0.39;82;89%;~12;0.080038;0.240114;3.2e-05;2;0.000578694;3.2e-05;2;0.000781852;NA;NA;NA;NA;NA;NA;0.080006;7;0.00384607;NA;NA;NA;NA;NA;NA;NA;NA;NA;NA;NA;NA;NA;NA;NA;NA;NA;NA
53;BINARY;semihonest;replicated-bin;3;NA;NA;NA;NA;NA;NA;NA;NA;NA;NA;NA;NA;NA;0;25000;10000;0;0.0257279;0.39;83;77%;~12;0.080038;0.240114;3.2e-05;2;0.000489214;3.2e-05;2;0.000950188;NA;NA;NA;NA;NA;NA;0.080006;7;0.00377271;NA;NA;NA;NA;NA;NA;NA;NA;NA;NA;NA;NA;NA;NA;NA;NA;NA;NA
53;BINARY;semihonest;replicated-bin;3;NA;NA;NA;NA;NA;NA;NA;NA;NA;NA;NA;NA;NA;0;25000;10000;0;0.0240872;0.39;84;90%;~12;0.080038;0.240114;3.2e-05;2;0.000530773;3.2e-05;2;0.000772439;NA;NA;NA;NA;NA;NA;0.080006;7;0.0048137;NA;NA;NA;NA;NA;NA;NA;NA;NA;NA;NA;NA;NA;NA;NA;NA;NA;NA
53;BINARY;semihonest;replicated-bin;3;NA;NA;NA;NA;NA;NA;NA;NA;NA;NA;NA;NA;NA;0;25000;10000;0;0.0241068;0.38;82;90%;~12;0.080038;0.240114;3.2e-05;2;0.0006242;3.2e-05;2;0.000432533;NA;NA;NA;NA;NA;NA;0.080006;7;0.00316866;NA;NA;NA;NA;NA;NA;NA;NA;NA;NA;NA;NA;NA;NA;NA;NA;NA;NA
53;BINARY;semihonest;replicated-bin;3;NA;NA;NA;NA;NA;NA;NA;NA;NA;NA;NA;NA;NA;25;25000;10000;0;0.336649;2.33;84;21%;~12;0.080038;0.240114;3.2e-05;2;0.00057927;3.2e-05;2;0.0758215;NA;NA;NA;NA;NA;NA;0.080006;7;0.178574;NA;NA;NA;NA;NA;NA;NA;NA;NA;NA;NA;NA;NA;NA;NA;NA;NA;NA
53;BINARY;semihonest;replicated-bin;3;NA;NA;NA;NA;NA;NA;NA;NA;NA;NA;NA;NA;NA;25;25000;10000;0;0.333303;2.32;82;21%;~12;0.080038;0.240114;3.2e-05;2;0.000258625;3.2e-05;2;0.0763024;NA;NA;NA;NA;NA;NA;0.080006;7;0.179569;NA;NA;NA;NA;NA;NA;NA;NA;NA;NA;NA;NA;NA;NA;NA;NA;NA;NA
53;BINARY;semihonest;replicated-bin;3;NA;NA;NA;NA;NA;NA;NA;NA;NA;NA;NA;NA;NA;25;25000;10000;0;0.336422;2.32;84;21%;~12;0.080038;0.240114;3.2e-05;2;0.000567059;3.2e-05;2;0.0751571;NA;NA;NA;NA;NA;NA;0.080006;7;0.177895;NA;NA;NA;NA;NA;NA;NA;NA;NA;NA;NA;NA;NA;NA;NA;NA;NA;NA
53;BINARY;semihonest;replicated-bin;3;NA;NA;NA;NA;NA;NA;NA;NA;NA;NA;NA;NA;NA;25;25000;10000;0;0.336535;2.33;82;21%;~12;0.080038;0.240114;3.2e-05;2;0.000542816;3.2e-05;2;0.0759452;NA;NA;NA;NA;NA;NA;0.080006;7;0.178427;NA;NA;NA;NA;NA;NA;NA;NA;NA;NA;NA;NA;NA;NA;NA;NA;NA;NA
53;BINARY;semihonest;replicated-bin;3;NA;NA;NA;NA;NA;NA;NA;NA;NA;NA;NA;NA;NA;25;25000;10000;0;0.335716;2.33;84;17%;~12;0.080038;0.240114;3.2e-05;2;0.000566301;3.2e-05;2;0.0751655;NA;NA;NA;NA;NA;NA;0.080006;7;0.178336;NA;NA;NA;NA;NA;NA;NA;NA;NA;NA;NA;NA;NA;NA;NA;NA;NA;NA
53;BINARY;semihonest;replicated-bin;3;NA;NA;NA;NA;NA;NA;NA;NA;NA;NA;NA;NA;NA;25;25000;10000;0;0.337041;2.33;82;20%;~12;0.080038;0.240114;3.2e-05;2;0.000569559;3.2e-05;2;0.0759202;NA;NA;NA;NA;NA;NA;0.080006;7;0.178267;NA;NA;NA;NA;NA;NA;NA;NA;NA;NA;NA;NA;NA;NA;NA;NA;NA;NA
53;BINARY;semihonest;replicated-bin;3;NA;NA;NA;NA;NA;NA;NA;NA;NA;NA;NA;NA;NA;25;25000;10000;0;0.332764;2.33;83;17%;~12;0.080038;0.240114;3.2e-05;2;0.000384365;3.2e-05;2;0.0754453;NA;NA;NA;NA;NA;NA;0.080006;7;0.180643;NA;NA;NA;NA;NA;NA;NA;NA;NA;NA;NA;NA;NA;NA;NA;NA;NA;NA
53;BINARY;semihonest;replicated-bin;3;NA;NA;NA;NA;NA;NA;NA;NA;NA;NA;NA;NA;NA;25;25000;10000;0;0.336561;2.33;84;21%;~12;0.080038;0.240114;3.2e-05;2;0.000542172;3.2e-05;2;0.0758626;NA;NA;NA;NA;NA;NA;0.080006;7;0.178249;NA;NA;NA;NA;NA;NA;NA;NA;NA;NA;NA;NA;NA;NA;NA;NA;NA;NA
53;BINARY;semihonest;replicated-bin;3;NA;NA;NA;NA;NA;NA;NA;NA;NA;NA;NA;NA;NA;25;25000;10000;0;0.336203;2.33;84;21%;~12;0.080038;0.240114;3.2e-05;2;0.000492505;3.2e-05;2;0.0752624;NA;NA;NA;NA;NA;NA;0.080006;7;0.178912;NA;NA;NA;NA;NA;NA;NA;NA;NA;NA;NA;NA;NA;NA;NA;NA;NA;NA
53;BINARY;semihonest;replicated-bin;3;NA;NA;NA;NA;NA;NA;NA;NA;NA;NA;NA;NA;NA;25;25000;10000;0;0.336259;2.33;82;21%;~12;0.080038;0.240114;3.2e-05;2;0.000504263;3.2e-05;2;0.0752357;NA;NA;NA;NA;NA;NA;0.080006;7;0.178312;NA;NA;NA;NA;NA;NA;NA;NA;NA;NA;NA;NA;NA;NA;NA;NA;NA;NA
53;BINARY;semihonest;replicated-bin;3;NA;NA;NA;NA;NA;NA;NA;NA;NA;NA;NA;NA;NA;50;25000;10000;0;0.636838;4.18;84;13%;~12;0.080038;0.240114;3.2e-05;2;0.000540965;3.2e-05;2;0.150978;NA;NA;NA;NA;NA;NA;0.080006;7;0.35313;NA;NA;NA;NA;NA;NA;NA;NA;NA;NA;NA;NA;NA;NA;NA;NA;NA;NA
53;BINARY;semihonest;replicated-bin;3;NA;NA;NA;NA;NA;NA;NA;NA;NA;NA;NA;NA;NA;50;25000;10000;0;0.636288;4.18;82;13%;~12;0.080038;0.240114;3.2e-05;2;0.000606818;3.2e-05;2;0.150097;NA;NA;NA;NA;NA;NA;0.080006;7;0.353841;NA;NA;NA;NA;NA;NA;NA;NA;NA;NA;NA;NA;NA;NA;NA;NA;NA;NA
53;BINARY;semihonest;replicated-bin;3;NA;NA;NA;NA;NA;NA;NA;NA;NA;NA;NA;NA;NA;50;25000;10000;0;0.633327;4.17;84;13%;~12;0.080038;0.240114;3.2e-05;2;0.000267225;3.2e-05;2;0.151104;NA;NA;NA;NA;NA;NA;0.080006;7;0.355712;NA;NA;NA;NA;NA;NA;NA;NA;NA;NA;NA;NA;NA;NA;NA;NA;NA;NA
53;BINARY;semihonest;replicated-bin;3;NA;NA;NA;NA;NA;NA;NA;NA;NA;NA;NA;NA;NA;50;25000;10000;0;0.636485;4.18;83;13%;~12;0.080038;0.240114;3.2e-05;2;0.000506528;3.2e-05;2;0.150998;NA;NA;NA;NA;NA;NA;0.080006;7;0.353665;NA;NA;NA;NA;NA;NA;NA;NA;NA;NA;NA;NA;NA;NA;NA;NA;NA;NA
53;BINARY;semihonest;replicated-bin;3;NA;NA;NA;NA;NA;NA;NA;NA;NA;NA;NA;NA;NA;50;25000;10000;0;0.637583;4.17;82;13%;~12;0.080038;0.240114;3.2e-05;2;0.000529364;3.2e-05;2;0.151715;NA;NA;NA;NA;NA;NA;0.080006;7;0.35306;NA;NA;NA;NA;NA;NA;NA;NA;NA;NA;NA;NA;NA;NA;NA;NA;NA;NA
53;BINARY;semihonest;replicated-bin;3;NA;NA;NA;NA;NA;NA;NA;NA;NA;NA;NA;NA;NA;50;25000;10000;0;0.637023;4.18;82;13%;~12;0.080038;0.240114;3.2e-05;2;0.000515332;3.2e-05;2;0.150926;NA;NA;NA;NA;NA;NA;0.080006;7;0.35329;NA;NA;NA;NA;NA;NA;NA;NA;NA;NA;NA;NA;NA;NA;NA;NA;NA;NA
53;BINARY;semihonest;replicated-bin;3;NA;NA;NA;NA;NA;NA;NA;NA;NA;NA;NA;NA;NA;50;25000;10000;0;0.633866;4.17;84;13%;~12;0.080038;0.240114;3.2e-05;2;0.000260835;3.2e-05;2;0.151323;NA;NA;NA;NA;NA;NA;0.080006;7;0.355249;NA;NA;NA;NA;NA;NA;NA;NA;NA;NA;NA;NA;NA;NA;NA;NA;NA;NA
53;BINARY;semihonest;replicated-bin;3;NA;NA;NA;NA;NA;NA;NA;NA;NA;NA;NA;NA;NA;50;25000;10000;0;0.63602;4.17;82;13%;~12;0.080038;0.240114;3.2e-05;2;0.000514379;3.2e-05;2;0.150078;NA;NA;NA;NA;NA;NA;0.080006;7;0.353098;NA;NA;NA;NA;NA;NA;NA;NA;NA;NA;NA;NA;NA;NA;NA;NA;NA;NA
53;BINARY;semihonest;replicated-bin;3;NA;NA;NA;NA;NA;NA;NA;NA;NA;NA;NA;NA;NA;50;25000;10000;0;0.636033;4.18;82;11%;~12;0.080038;0.240114;3.2e-05;2;0.000576691;3.2e-05;2;0.150881;NA;NA;NA;NA;NA;NA;0.080006;7;0.353207;NA;NA;NA;NA;NA;NA;NA;NA;NA;NA;NA;NA;NA;NA;NA;NA;NA;NA
53;BINARY;semihonest;replicated-bin;3;NA;NA;NA;NA;NA;NA;NA;NA;NA;NA;NA;NA;NA;50;25000;10000;0;0.636269;4.18;82;13%;~12;0.080038;0.240114;3.2e-05;2;0.000595848;3.2e-05;2;0.150104;NA;NA;NA;NA;NA;NA;0.080006;7;0.35304;NA;NA;NA;NA;NA;NA;NA;NA;NA;NA;NA;NA;NA;NA;NA;NA;NA;NA
53;BINARY;semihonest;replicated-bin;3;NA;NA;NA;NA;NA;NA;NA;NA;NA;NA;NA;NA;NA;75;25000;10000;0;0.937437;6.04;84;10%;~12;0.080038;0.240114;3.2e-05;2;0.000575594;3.2e-05;2;0.226558;NA;NA;NA;NA;NA;NA;0.080006;7;0.528255;NA;NA;NA;NA;NA;NA;NA;NA;NA;NA;NA;NA;NA;NA;NA;NA;NA;NA
53;BINARY;semihonest;replicated-bin;3;NA;NA;NA;NA;NA;NA;NA;NA;NA;NA;NA;NA;NA;75;25000;10000;0;0.937182;6.03;84;10%;~12;0.080038;0.240114;3.2e-05;2;0.000608145;3.2e-05;2;0.225851;NA;NA;NA;NA;NA;NA;0.080006;7;0.527936;NA;NA;NA;NA;NA;NA;NA;NA;NA;NA;NA;NA;NA;NA;NA;NA;NA;NA
53;BINARY;semihonest;replicated-bin;3;NA;NA;NA;NA;NA;NA;NA;NA;NA;NA;NA;NA;NA;75;25000;10000;0;0.936439;6.03;84;10%;~12;0.080038;0.240114;3.2e-05;2;0.000471674;3.2e-05;2;0.22593;NA;NA;NA;NA;NA;NA;0.080006;7;0.528249;NA;NA;NA;NA;NA;NA;NA;NA;NA;NA;NA;NA;NA;NA;NA;NA;NA;NA
53;BINARY;semihonest;replicated-bin;3;NA;NA;NA;NA;NA;NA;NA;NA;NA;NA;NA;NA;NA;75;25000;10000;0;0.936485;6.04;84;10%;~12;0.080038;0.240114;3.2e-05;2;0.000184963;3.2e-05;2;0.225704;NA;NA;NA;NA;NA;NA;0.080006;7;0.528266;NA;NA;NA;NA;NA;NA;NA;NA;NA;NA;NA;NA;NA;NA;NA;NA;NA;NA
53;BINARY;semihonest;replicated-bin;3;NA;NA;NA;NA;NA;NA;NA;NA;NA;NA;NA;NA;NA;75;25000;10000;0;0.936451;5.97;82;10%;~12;0.080038;0.240114;3.2e-05;2;0.000576094;3.2e-05;2;0.225144;NA;NA;NA;NA;NA;NA;0.080006;7;0.528105;NA;NA;NA;NA;NA;NA;NA;NA;NA;NA;NA;NA;NA;NA;NA;NA;NA;NA
53;BINARY;semihonest;replicated-bin;3;NA;NA;NA;NA;NA;NA;NA;NA;NA;NA;NA;NA;NA;75;25000;10000;0;0.936554;6.03;82;10%;~12;0.080038;0.240114;3.2e-05;2;0.000556365;3.2e-05;2;0.225799;NA;NA;NA;NA;NA;NA;0.080006;7;0.528238;NA;NA;NA;NA;NA;NA;NA;NA;NA;NA;NA;NA;NA;NA;NA;NA;NA;NA
53;BINARY;semihonest;replicated-bin;3;NA;NA;NA;NA;NA;NA;NA;NA;NA;NA;NA;NA;NA;75;25000;10000;0;0.937179;5.97;84;10%;~12;0.080038;0.240114;3.2e-05;2;0.000586418;3.2e-05;2;0.226504;NA;NA;NA;NA;NA;NA;0.080006;7;0.528588;NA;NA;NA;NA;NA;NA;NA;NA;NA;NA;NA;NA;NA;NA;NA;NA;NA;NA
53;BINARY;semihonest;replicated-bin;3;NA;NA;NA;NA;NA;NA;NA;NA;NA;NA;NA;NA;NA;75;25000;10000;0;0.937034;6.02;82;10%;~12;0.080038;0.240114;3.2e-05;2;0.000480852;3.2e-05;2;0.225974;NA;NA;NA;NA;NA;NA;0.080006;7;0.528341;NA;NA;NA;NA;NA;NA;NA;NA;NA;NA;NA;NA;NA;NA;NA;NA;NA;NA
53;BINARY;semihonest;replicated-bin;3;NA;NA;NA;NA;NA;NA;NA;NA;NA;NA;NA;NA;NA;75;25000;10000;0;0.93617;6.03;84;10%;~12;0.080038;0.240114;3.2e-05;2;0.00055214;3.2e-05;2;0.225831;NA;NA;NA;NA;NA;NA;0.080006;7;0.528099;NA;NA;NA;NA;NA;NA;NA;NA;NA;NA;NA;NA;NA;NA;NA;NA;NA;NA
53;BINARY;semihonest;replicated-bin;3;NA;NA;NA;NA;NA;NA;NA;NA;NA;NA;NA;NA;NA;75;25000;10000;0;0.933926;6.03;84;10%;~12;0.080038;0.240114;3.2e-05;2;0.000553002;3.2e-05;2;0.225829;NA;NA;NA;NA;NA;NA;0.080006;7;0.530532;NA;NA;NA;NA;NA;NA;NA;NA;NA;NA;NA;NA;NA;NA;NA;NA;NA;NA
53;BINARY;semidishonest;semi-bin;3;NA;NA;NA;NA;NA;NA;NA;NA;NA;NA;NA;NA;NA;25;25000;10000;0;168.865;169.65;92;22%;~13605;23.8116;71.1173;0.317512;14;0.000278893;0.317512;14;0.199221;NA;NA;NA;NA;NA;NA;NA;NA;NA;NA;NA;NA;0.00852;4;0.105721;1.29118;3700;124.425;22.1944;4936;0;22.1944;4936;0;NA;NA;NA
53;BINARY;semidishonest;semi-bin;3;NA;NA;NA;NA;NA;NA;NA;NA;NA;NA;NA;NA;NA;25;25000;10000;0;168.82;169.59;92;22%;~13605;23.8116;71.1173;0.317512;14;0.000292108;0.317512;14;0.19933;NA;NA;NA;NA;NA;NA;NA;NA;NA;NA;NA;NA;0.00852;4;0.10543;1.29118;3700;124.424;22.1944;4936;0;22.1944;4936;0;NA;NA;NA
53;BINARY;semidishonest;semi-bin;3;NA;NA;NA;NA;NA;NA;NA;NA;NA;NA;NA;NA;NA;25;25000;10000;0;168.792;169.57;92;22%;~13605;23.8116;71.1173;0.317512;14;0.000297129;0.317512;14;0.211551;NA;NA;NA;NA;NA;NA;NA;NA;NA;NA;NA;NA;0.00852;4;0.106329;1.29118;3700;124.412;22.1944;4936;0;22.1944;4936;0;NA;NA;NA
53;BINARY;semidishonest;semi-bin;3;NA;NA;NA;NA;NA;NA;NA;NA;NA;NA;NA;NA;NA;25;25000;10000;0;168.815;169.59;94;22%;~13605;23.8116;71.1173;0.317512;14;0.000283772;0.317512;14;0.180448;NA;NA;NA;NA;NA;NA;NA;NA;NA;NA;NA;NA;0.00852;4;0.102869;1.29118;3700;124.431;22.1944;4936;0;22.1944;4936;0;NA;NA;NA
53;BINARY;semidishonest;semi-bin;3;NA;NA;NA;NA;NA;NA;NA;NA;NA;NA;NA;NA;NA;25;25000;10000;0;168.831;169.61;94;22%;~13605;23.8116;71.1173;0.317512;14;0.000286879;0.317512;14;0.177743;NA;NA;NA;NA;NA;NA;NA;NA;NA;NA;NA;NA;0.00852;4;0.098315;1.29118;3700;124.422;22.1944;4936;0;22.1944;4936;0;NA;NA;NA
53;BINARY;semidishonest;semi-bin;3;NA;NA;NA;NA;NA;NA;NA;NA;NA;NA;NA;NA;NA;25;25000;10000;0;168.897;169.66;92;22%;~13605;23.8116;71.1173;0.317512;14;0.000286367;0.317512;14;0.207591;NA;NA;NA;NA;NA;NA;NA;NA;NA;NA;NA;NA;0.00852;4;0.102815;1.29118;3700;124.448;22.1944;4936;0;22.1944;4936;0;NA;NA;NA
53;BINARY;semidishonest;semi-bin;3;NA;NA;NA;NA;NA;NA;NA;NA;NA;NA;NA;NA;NA;25;25000;10000;0;168.823;169.61;90;22%;~13605;23.8116;71.1173;0.317512;14;0.000283208;0.317512;14;0.194075;NA;NA;NA;NA;NA;NA;NA;NA;NA;NA;NA;NA;0.00852;4;0.102562;1.29118;3700;124.416;22.1944;4936;0;22.1944;4936;0;NA;NA;NA
53;BINARY;semidishonest;semi-bin;3;NA;NA;NA;NA;NA;NA;NA;NA;NA;NA;NA;NA;NA;25;25000;10000;0;168.775;169.56;92;22%;~13605;23.8116;71.1173;0.317512;14;0.000282563;0.317512;14;0.209221;NA;NA;NA;NA;NA;NA;NA;NA;NA;NA;NA;NA;0.00852;4;0.102024;1.29118;3700;124.451;22.1944;4936;0;22.1944;4936;0;NA;NA;NA
53;BINARY;semidishonest;semi-bin;3;NA;NA;NA;NA;NA;NA;NA;NA;NA;NA;NA;NA;NA;25;25000;10000;0;168.795;169.56;93;22%;~13605;23.8116;71.1173;0.317512;14;0.000280004;0.317512;14;0.221361;NA;NA;NA;NA;NA;NA;NA;NA;NA;NA;NA;NA;0.00852;4;0.105223;1.29118;3700;124.426;22.1944;4936;0;22.1944;4936;0;NA;NA;NA
53;BINARY;semidishonest;semi-bin;3;NA;NA;NA;NA;NA;NA;NA;NA;NA;NA;NA;NA;NA;25;25000;10000;0;168.79;169.57;92;22%;~13605;23.8116;71.1173;0.317512;14;0.00028584;0.317512;14;0.209977;NA;NA;NA;NA;NA;NA;NA;NA;NA;NA;NA;NA;0.00852;4;0.108092;1.29118;3700;124.445;22.1944;4936;0;22.1944;4936;0;NA;NA;NA
53;BINARY;semidishonest;semi-bin;3;NA;NA;NA;NA;NA;NA;NA;NA;NA;NA;NA;NA;NA;50;25000;10000;0;323.877;325.07;90;12%;~13605;23.8116;71.1173;0.317512;14;0.000319697;0.317512;14;0.427776;NA;NA;NA;NA;NA;NA;NA;NA;NA;NA;NA;NA;0.00852;4;0.203543;1.29118;3700;247.841;22.1944;4936;0;22.1944;4936;0;NA;NA;NA
53;BINARY;semidishonest;semi-bin;3;NA;NA;NA;NA;NA;NA;NA;NA;NA;NA;NA;NA;NA;50;25000;10000;0;323.885;325.09;90;11%;~13605;23.8116;71.1173;0.317512;14;0.000305919;0.317512;14;0.493924;NA;NA;NA;NA;NA;NA;NA;NA;NA;NA;NA;NA;0.00852;4;0.215187;1.29118;3700;247.854;22.1944;4936;0;22.1944;4936;0;NA;NA;NA
53;BINARY;semidishonest;semi-bin;3;NA;NA;NA;NA;NA;NA;NA;NA;NA;NA;NA;NA;NA;50;25000;10000;0;323.878;325.07;94;11%;~13605;23.8116;71.1173;0.317512;14;0.000315335;0.317512;14;0.451972;NA;NA;NA;NA;NA;NA;NA;NA;NA;NA;NA;NA;0.00852;4;0.205913;1.29118;3700;247.836;22.1944;4936;0;22.1944;4936;0;NA;NA;NA
53;BINARY;semidishonest;semi-bin;3;NA;NA;NA;NA;NA;NA;NA;NA;NA;NA;NA;NA;NA;50;25000;10000;0;323.93;325.07;93;11%;~13605;23.8116;71.1173;0.317512;14;0.000314735;0.317512;14;0.487697;NA;NA;NA;NA;NA;NA;NA;NA;NA;NA;NA;NA;0.00852;4;0.254752;1.29118;3700;247.838;22.1944;4936;0;22.1944;4936;0;NA;NA;NA
53;BINARY;semidishonest;semi-bin;3;NA;NA;NA;NA;NA;NA;NA;NA;NA;NA;NA;NA;NA;50;25000;10000;0;323.927;325.12;92;11%;~13605;23.8116;71.1173;0.317512;14;0.00031547;0.317512;14;0.49589;NA;NA;NA;NA;NA;NA;NA;NA;NA;NA;NA;NA;0.00852;4;0.202357;1.29118;3700;247.844;22.1944;4936;0;22.1944;4936;0;NA;NA;NA
53;BINARY;semidishonest;semi-bin;3;NA;NA;NA;NA;NA;NA;NA;NA;NA;NA;NA;NA;NA;50;25000;10000;0;323.878;325.08;90;11%;~13605;23.8116;71.1173;0.317512;14;0.000316917;0.317512;14;0.501112;NA;NA;NA;NA;NA;NA;NA;NA;NA;NA;NA;NA;0.00852;4;0.197966;1.29118;3700;247.827;22.1944;4936;0;22.1944;4936;0;NA;NA;NA
53;BINARY;semidishonest;semi-bin;3;NA;NA;NA;NA;NA;NA;NA;NA;NA;NA;NA;NA;NA;50;25000;10000;0;323.647;324.85;90;11%;~13605;23.8116;71.1173;0.317512;14;0.000319471;0.317512;14;0.493262;NA;NA;NA;NA;NA;NA;NA;NA;NA;NA;NA;NA;0.00852;4;0.204441;1.29118;3700;247.859;22.1944;4936;0;22.1944;4936;0;NA;NA;NA
53;BINARY;semidishonest;semi-bin;3;NA;NA;NA;NA;NA;NA;NA;NA;NA;NA;NA;NA;NA;50;25000;10000;0;323.891;325.09;92;11%;~13605;23.8116;71.1173;0.317512;14;0.000313258;0.317512;14;0.46429;NA;NA;NA;NA;NA;NA;NA;NA;NA;NA;NA;NA;0.00852;4;0.200176;1.29118;3700;247.848;22.1944;4936;0;22.1944;4936;0;NA;NA;NA
53;BINARY;semidishonest;semi-bin;3;NA;NA;NA;NA;NA;NA;NA;NA;NA;NA;NA;NA;NA;50;25000;10000;0;323.875;325.07;92;11%;~13605;23.8116;71.1173;0.317512;14;0.00030566;0.317512;14;0.499941;NA;NA;NA;NA;NA;NA;NA;NA;NA;NA;NA;NA;0.00852;4;0.200549;1.29118;3700;247.842;22.1944;4936;0;22.1944;4936;0;NA;NA;NA
53;BINARY;semidishonest;semi-bin;3;NA;NA;NA;NA;NA;NA;NA;NA;NA;NA;NA;NA;NA;50;25000;10000;0;323.9;325.09;92;12%;~13605;23.8116;71.1173;0.317512;14;0.00034157;0.317512;14;0.506686;NA;NA;NA;NA;NA;NA;NA;NA;NA;NA;NA;NA;0.00852;4;0.203167;1.29118;3700;247.851;22.1944;4936;0;22.1944;4936;0;NA;NA;NA
53;BINARY;semidishonest;semi-bin;3;NA;NA;NA;NA;NA;NA;NA;NA;NA;NA;NA;NA;NA;75;25000;10000;0;479.052;480.68;92;8%;~13605;23.8116;71.1173;0.317512;14;0.000316075;0.317512;14;0.853343;NA;NA;NA;NA;NA;NA;NA;NA;NA;NA;NA;NA;0.00852;4;0.309721;1.29118;3700;371.315;22.1944;4936;0;22.1944;4936;0;NA;NA;NA
53;BINARY;semidishonest;semi-bin;3;NA;NA;NA;NA;NA;NA;NA;NA;NA;NA;NA;NA;NA;75;25000;10000;0;479.028;480.65;92;8%;~13605;23.8116;71.1173;0.317512;14;0.000303521;0.317512;14;0.734197;NA;NA;NA;NA;NA;NA;NA;NA;NA;NA;NA;NA;0.00852;4;0.307999;1.29118;3700;371.327;22.1944;4936;0;22.1944;4936;0;NA;NA;NA
53;BINARY;semidishonest;semi-bin;3;NA;NA;NA;NA;NA;NA;NA;NA;NA;NA;NA;NA;NA;75;25000;10000;0;478.966;480.58;94;8%;~13605;23.8116;71.1173;0.317512;14;0.000311401;0.317512;14;0.642638;NA;NA;NA;NA;NA;NA;NA;NA;NA;NA;NA;NA;0.00852;4;0.304292;1.29118;3700;371.244;22.1944;4936;0;22.1944;4936;0;NA;NA;NA
53;BINARY;semidishonest;semi-bin;3;NA;NA;NA;NA;NA;NA;NA;NA;NA;NA;NA;NA;NA;75;25000;10000;0;479.031;480.65;92;8%;~13605;23.8116;71.1173;0.317512;14;0.000313231;0.317512;14;0.850784;NA;NA;NA;NA;NA;NA;NA;NA;NA;NA;NA;NA;0.00852;4;0.311652;1.29118;3700;371.305;22.1944;4936;0;22.1944;4936;0;NA;NA;NA
53;BINARY;semidishonest;semi-bin;3;NA;NA;NA;NA;NA;NA;NA;NA;NA;NA;NA;NA;NA;75;25000;10000;0;479.039;480.59;92;8%;~13605;23.8116;71.1173;0.317512;14;0.000319468;0.317512;14;0.735226;NA;NA;NA;NA;NA;NA;NA;NA;NA;NA;NA;NA;0.00852;4;0.38046;1.29118;3700;371.275;22.1944;4936;0;22.1944;4936;0;NA;NA;NA
53;BINARY;semidishonest;semi-bin;3;NA;NA;NA;NA;NA;NA;NA;NA;NA;NA;NA;NA;NA;75;25000;10000;0;479.025;480.65;92;8%;~13605;23.8116;71.1173;0.317512;14;0.000306165;0.317512;14;0.760535;NA;NA;NA;NA;NA;NA;NA;NA;NA;NA;NA;NA;0.00852;4;0.305637;1.29118;3700;371.32;22.1944;4936;0;22.1944;4936;0;NA;NA;NA
53;BINARY;semidishonest;semi-bin;3;NA;NA;NA;NA;NA;NA;NA;NA;NA;NA;NA;NA;NA;75;25000;10000;0;478.913;480.54;88;8%;~13605;23.8116;71.1173;0.317512;14;0.000310724;0.317512;14;0.741958;NA;NA;NA;NA;NA;NA;NA;NA;NA;NA;NA;NA;0.00852;4;0.302272;1.29118;3700;371.289;22.1944;4936;0;22.1944;4936;0;NA;NA;NA
53;BINARY;semidishonest;semi-bin;3;NA;NA;NA;NA;NA;NA;NA;NA;NA;NA;NA;NA;NA;75;25000;10000;0;478.937;480.56;92;8%;~13605;23.8116;71.1173;0.317512;14;0.000319329;0.317512;14;0.78594;NA;NA;NA;NA;NA;NA;NA;NA;NA;NA;NA;NA;0.00852;4;0.306717;1.29118;3700;371.309;22.1944;4936;0;22.1944;4936;0;NA;NA;NA
53;BINARY;semidishonest;semi-bin;3;NA;NA;NA;NA;NA;NA;NA;NA;NA;NA;NA;NA;NA;75;25000;10000;0;479.05;480.67;92;8%;~13605;23.8116;71.1173;0.317512;14;0.000297985;0.317512;14;0.795935;NA;NA;NA;NA;NA;NA;NA;NA;NA;NA;NA;NA;0.00852;4;0.310313;1.29118;3700;371.306;22.1944;4936;0;22.1944;4936;0;NA;NA;NA
53;BINARY;semidishonest;semi-bin;3;NA;NA;NA;NA;NA;NA;NA;NA;NA;NA;NA;NA;NA;75;25000;10000;0;479.009;480.62;90;8%;~13605;23.8116;71.1173;0.317512;14;0.000317773;0.317512;14;0.776601;NA;NA;NA;NA;NA;NA;NA;NA;NA;NA;NA;NA;0.00852;4;0.306534;1.29118;3700;371.318;22.1944;4936;0;22.1944;4936;0;NA;NA;NA
53;RING;semihonest;replicated-ring;3;0.47;32;1;NA;NA;NA;NA;NA;NA;330000;580000;NA;2;0;25000;10000;0;1.07013;1.16;72;86%;~140;14.7459;44.2377;NA;NA;NA;NA;NA;NA;NA;NA;NA;NA;NA;NA;NA;NA;NA;NA;NA;NA;NA;NA;NA;NA;NA;NA;NA;NA;NA;NA;NA;NA;NA;NA;NA
53;RING;semihonest;replicated-ring;3;NA;NA;NA;NA;NA;NA;NA;NA;NA;NA;NA;NA;NA;0;25000;10000;0;1.09349;1.18;70;87%;~140;14.7459;44.2377;NA;NA;NA;NA;NA;NA;NA;NA;NA;NA;NA;NA;NA;NA;NA;NA;NA;NA;NA;NA;NA;NA;NA;NA;NA;NA;NA;NA;NA;NA;NA;NA;NA
53;RING;semihonest;replicated-ring;3;NA;NA;NA;NA;NA;NA;NA;NA;NA;NA;NA;NA;NA;0;25000;10000;0;1.08553;1.17;69;85%;~140;14.7459;44.2377;NA;NA;NA;NA;NA;NA;NA;NA;NA;NA;NA;NA;NA;NA;NA;NA;NA;NA;NA;NA;NA;NA;NA;NA;NA;NA;NA;NA;NA;NA;NA;NA;NA
53;RING;semihonest;replicated-ring;3;NA;NA;NA;NA;NA;NA;NA;NA;NA;NA;NA;NA;NA;0;25000;10000;0;1.07665;1.16;71;86%;~140;14.7459;44.2377;NA;NA;NA;NA;NA;NA;NA;NA;NA;NA;NA;NA;NA;NA;NA;NA;NA;NA;NA;NA;NA;NA;NA;NA;NA;NA;NA;NA;NA;NA;NA;NA;NA
53;RING;semihonest;replicated-ring;3;NA;NA;NA;NA;NA;NA;NA;NA;NA;NA;NA;NA;NA;0;25000;10000;0;1.08095;1.16;70;86%;~140;14.7459;44.2377;NA;NA;NA;NA;NA;NA;NA;NA;NA;NA;NA;NA;NA;NA;NA;NA;NA;NA;NA;NA;NA;NA;NA;NA;NA;NA;NA;NA;NA;NA;NA;NA;NA
53;RING;semihonest;replicated-ring;3;NA;NA;NA;NA;NA;NA;NA;NA;NA;NA;NA;NA;NA;0;25000;10000;0;1.0734;1.16;72;85%;~140;14.7459;44.2377;NA;NA;NA;NA;NA;NA;NA;NA;NA;NA;NA;NA;NA;NA;NA;NA;NA;NA;NA;NA;NA;NA;NA;NA;NA;NA;NA;NA;NA;NA;NA;NA;NA
53;RING;semihonest;replicated-ring;3;NA;NA;NA;NA;NA;NA;NA;NA;NA;NA;NA;NA;NA;0;25000;10000;0;1.09049;1.17;69;86%;~140;14.7459;44.2377;NA;NA;NA;NA;NA;NA;NA;NA;NA;NA;NA;NA;NA;NA;NA;NA;NA;NA;NA;NA;NA;NA;NA;NA;NA;NA;NA;NA;NA;NA;NA;NA;NA
53;RING;semihonest;replicated-ring;3;NA;NA;NA;NA;NA;NA;NA;NA;NA;NA;NA;NA;NA;0;25000;10000;0;1.09279;1.18;68;85%;~140;14.7459;44.2377;NA;NA;NA;NA;NA;NA;NA;NA;NA;NA;NA;NA;NA;NA;NA;NA;NA;NA;NA;NA;NA;NA;NA;NA;NA;NA;NA;NA;NA;NA;NA;NA;NA
53;RING;semihonest;replicated-ring;3;NA;NA;NA;NA;NA;NA;NA;NA;NA;NA;NA;NA;NA;0;25000;10000;0;1.0894;1.18;70;85%;~140;14.7459;44.2377;NA;NA;NA;NA;NA;NA;NA;NA;NA;NA;NA;NA;NA;NA;NA;NA;NA;NA;NA;NA;NA;NA;NA;NA;NA;NA;NA;NA;NA;NA;NA;NA;NA
53;RING;semihonest;replicated-ring;3;NA;NA;NA;NA;NA;NA;NA;NA;NA;NA;NA;NA;NA;0;25000;10000;0;1.06779;1.15;70;87%;~140;14.7459;44.2377;NA;NA;NA;NA;NA;NA;NA;NA;NA;NA;NA;NA;NA;NA;NA;NA;NA;NA;NA;NA;NA;NA;NA;NA;NA;NA;NA;NA;NA;NA;NA;NA;NA
53;RING;semihonest;replicated-ring;3;NA;NA;NA;NA;NA;NA;NA;NA;NA;NA;NA;NA;NA;0;25000;10000;1;1.53847;1.63;70;63%;~140;14.7459;44.2377;NA;NA;NA;NA;NA;NA;NA;NA;NA;NA;NA;NA;NA;NA;NA;NA;NA;NA;NA;NA;NA;NA;NA;NA;NA;NA;NA;NA;NA;NA;NA;NA;NA
53;RING;semihonest;replicated-ring;3;NA;NA;NA;NA;NA;NA;NA;NA;NA;NA;NA;NA;NA;0;25000;10000;1;1.32964;2.46;69;42%;~140;14.7459;44.2377;NA;NA;NA;NA;NA;NA;NA;NA;NA;NA;NA;NA;NA;NA;NA;NA;NA;NA;NA;NA;NA;NA;NA;NA;NA;NA;NA;NA;NA;NA;NA;NA;NA
53;RING;semihonest;replicated-ring;3;NA;NA;NA;NA;NA;NA;NA;NA;NA;NA;NA;NA;NA;0;25000;10000;1;1.34827;3.49;72;30%;~140;14.7459;44.2377;NA;NA;NA;NA;NA;NA;NA;NA;NA;NA;NA;NA;NA;NA;NA;NA;NA;NA;NA;NA;NA;NA;NA;NA;NA;NA;NA;NA;NA;NA;NA;NA;NA
53;RING;semihonest;replicated-ring;3;NA;NA;NA;NA;NA;NA;NA;NA;NA;NA;NA;NA;NA;0;25000;10000;1;1.36004;1.67;69;66%;~140;14.7459;44.2377;NA;NA;NA;NA;NA;NA;NA;NA;NA;NA;NA;NA;NA;NA;NA;NA;NA;NA;NA;NA;NA;NA;NA;NA;NA;NA;NA;NA;NA;NA;NA;NA;NA
53;RING;semihonest;replicated-ring;3;NA;NA;NA;NA;NA;NA;NA;NA;NA;NA;NA;NA;NA;0;25000;10000;1;1.36241;1.45;69;70%;~140;14.7459;44.2377;NA;NA;NA;NA;NA;NA;NA;NA;NA;NA;NA;NA;NA;NA;NA;NA;NA;NA;NA;NA;NA;NA;NA;NA;NA;NA;NA;NA;NA;NA;NA;NA;NA
53;RING;semihonest;replicated-ring;3;NA;NA;NA;NA;NA;NA;NA;NA;NA;NA;NA;NA;NA;0;25000;10000;1;1.4371;1.97;70;55%;~140;14.7459;44.2377;NA;NA;NA;NA;NA;NA;NA;NA;NA;NA;NA;NA;NA;NA;NA;NA;NA;NA;NA;NA;NA;NA;NA;NA;NA;NA;NA;NA;NA;NA;NA;NA;NA
53;RING;semihonest;replicated-ring;3;NA;NA;NA;NA;NA;NA;NA;NA;NA;NA;NA;NA;NA;0;25000;10000;1;1.10477;2.43;72;42%;~140;14.7459;44.2377;NA;NA;NA;NA;NA;NA;NA;NA;NA;NA;NA;NA;NA;NA;NA;NA;NA;NA;NA;NA;NA;NA;NA;NA;NA;NA;NA;NA;NA;NA;NA;NA;NA
53;RING;semihonest;replicated-ring;3;NA;NA;NA;NA;NA;NA;NA;NA;NA;NA;NA;NA;NA;0;25000;10000;1;1.14667;2.28;70;46%;~140;14.7459;44.2377;NA;NA;NA;NA;NA;NA;NA;NA;NA;NA;NA;NA;NA;NA;NA;NA;NA;NA;NA;NA;NA;NA;NA;NA;NA;NA;NA;NA;NA;NA;NA;NA;NA
53;RING;semihonest;replicated-ring;3;NA;NA;NA;NA;NA;NA;NA;NA;NA;NA;NA;NA;NA;0;25000;10000;1;1.10847;2.25;69;45%;~140;14.7459;44.2377;NA;NA;NA;NA;NA;NA;NA;NA;NA;NA;NA;NA;NA;NA;NA;NA;NA;NA;NA;NA;NA;NA;NA;NA;NA;NA;NA;NA;NA;NA;NA;NA;NA
53;RING;semihonest;replicated-ring;3;NA;NA;NA;NA;NA;NA;NA;NA;NA;NA;NA;NA;NA;0;25000;10000;1;1.13381;1.24;70;79%;~140;14.7459;44.2377;NA;NA;NA;NA;NA;NA;NA;NA;NA;NA;NA;NA;NA;NA;NA;NA;NA;NA;NA;NA;NA;NA;NA;NA;NA;NA;NA;NA;NA;NA;NA;NA;NA
53;RING;semihonest;replicated-ring;3;NA;NA;NA;NA;NA;NA;NA;NA;NA;NA;NA;NA;NA;0;25000;10000;2;1.82514;3.19;70;35%;~140;14.7459;44.2377;NA;NA;NA;NA;NA;NA;NA;NA;NA;NA;NA;NA;NA;NA;NA;NA;NA;NA;NA;NA;NA;NA;NA;NA;NA;NA;NA;NA;NA;NA;NA;NA;NA
53;RING;semihonest;replicated-ring;3;NA;NA;NA;NA;NA;NA;NA;NA;NA;NA;NA;NA;NA;0;25000;10000;2;1.84247;3.18;70;34%;~140;14.7459;44.2377;NA;NA;NA;NA;NA;NA;NA;NA;NA;NA;NA;NA;NA;NA;NA;NA;NA;NA;NA;NA;NA;NA;NA;NA;NA;NA;NA;NA;NA;NA;NA;NA;NA
53;RING;semihonest;replicated-ring;3;NA;NA;NA;NA;NA;NA;NA;NA;NA;NA;NA;NA;NA;0;25000;10000;2;1.41495;1.92;66;54%;~140;14.7459;44.2377;NA;NA;NA;NA;NA;NA;NA;NA;NA;NA;NA;NA;NA;NA;NA;NA;NA;NA;NA;NA;NA;NA;NA;NA;NA;NA;NA;NA;NA;NA;NA;NA;NA
53;RING;semihonest;replicated-ring;3;NA;NA;NA;NA;NA;NA;NA;NA;NA;NA;NA;NA;NA;0;25000;10000;2;2.15059;2.24;70;51%;~140;14.7459;44.2377;NA;NA;NA;NA;NA;NA;NA;NA;NA;NA;NA;NA;NA;NA;NA;NA;NA;NA;NA;NA;NA;NA;NA;NA;NA;NA;NA;NA;NA;NA;NA;NA;NA
53;RING;semihonest;replicated-ring;3;NA;NA;NA;NA;NA;NA;NA;NA;NA;NA;NA;NA;NA;0;25000;10000;2;2.19555;3.32;72;25%;~140;14.7459;44.2377;NA;NA;NA;NA;NA;NA;NA;NA;NA;NA;NA;NA;NA;NA;NA;NA;NA;NA;NA;NA;NA;NA;NA;NA;NA;NA;NA;NA;NA;NA;NA;NA;NA
53;RING;semihonest;replicated-ring;3;NA;NA;NA;NA;NA;NA;NA;NA;NA;NA;NA;NA;NA;0;25000;10000;2;2.10389;3.23;70;35%;~140;14.7459;44.2377;NA;NA;NA;NA;NA;NA;NA;NA;NA;NA;NA;NA;NA;NA;NA;NA;NA;NA;NA;NA;NA;NA;NA;NA;NA;NA;NA;NA;NA;NA;NA;NA;NA
53;RING;semihonest;replicated-ring;3;NA;NA;NA;NA;NA;NA;NA;NA;NA;NA;NA;NA;NA;0;25000;10000;2;1.14312;1.89;70;52%;~140;14.7459;44.2377;NA;NA;NA;NA;NA;NA;NA;NA;NA;NA;NA;NA;NA;NA;NA;NA;NA;NA;NA;NA;NA;NA;NA;NA;NA;NA;NA;NA;NA;NA;NA;NA;NA
53;RING;semihonest;replicated-ring;3;NA;NA;NA;NA;NA;NA;NA;NA;NA;NA;NA;NA;NA;0;25000;10000;2;1.73428;1.82;68;59%;~140;14.7459;44.2377;NA;NA;NA;NA;NA;NA;NA;NA;NA;NA;NA;NA;NA;NA;NA;NA;NA;NA;NA;NA;NA;NA;NA;NA;NA;NA;NA;NA;NA;NA;NA;NA;NA
53;RING;semihonest;replicated-ring;3;NA;NA;NA;NA;NA;NA;NA;NA;NA;NA;NA;NA;NA;0;25000;10000;2;2.57861;3.90;72;30%;~140;14.7459;44.2377;NA;NA;NA;NA;NA;NA;NA;NA;NA;NA;NA;NA;NA;NA;NA;NA;NA;NA;NA;NA;NA;NA;NA;NA;NA;NA;NA;NA;NA;NA;NA;NA;NA
53;RING;semihonest;replicated-ring;3;NA;NA;NA;NA;NA;NA;NA;NA;NA;NA;NA;NA;NA;0;25000;10000;2;2.18495;6.40;68;18%;~140;14.7459;44.2377;NA;NA;NA;NA;NA;NA;NA;NA;NA;NA;NA;NA;NA;NA;NA;NA;NA;NA;NA;NA;NA;NA;NA;NA;NA;NA;NA;NA;NA;NA;NA;NA;NA
53;RING;semihonest;replicated-ring;3;NA;NA;NA;NA;NA;NA;NA;NA;NA;NA;NA;NA;NA;0;25000;10000;5;2.13426;3.08;70;40%;~140;14.7459;44.2377;NA;NA;NA;NA;NA;NA;NA;NA;NA;NA;NA;NA;NA;NA;NA;NA;NA;NA;NA;NA;NA;NA;NA;NA;NA;NA;NA;NA;NA;NA;NA;NA;NA
53;RING;semihonest;replicated-ring;3;NA;NA;NA;NA;NA;NA;NA;NA;NA;NA;NA;NA;NA;0;25000;10000;5;7.54093;10.35;70;13%;~140;14.7459;44.2377;NA;NA;NA;NA;NA;NA;NA;NA;NA;NA;NA;NA;NA;NA;NA;NA;NA;NA;NA;NA;NA;NA;NA;NA;NA;NA;NA;NA;NA;NA;NA;NA;NA
53;RING;semihonest;replicated-ring;3;NA;NA;NA;NA;NA;NA;NA;NA;NA;NA;NA;NA;NA;0;25000;10000;5;4.89398;8.68;71;15%;~140;14.7459;44.2377;NA;NA;NA;NA;NA;NA;NA;NA;NA;NA;NA;NA;NA;NA;NA;NA;NA;NA;NA;NA;NA;NA;NA;NA;NA;NA;NA;NA;NA;NA;NA;NA;NA
53;RING;semihonest;replicated-ring;3;NA;NA;NA;NA;NA;NA;NA;NA;NA;NA;NA;NA;NA;0;25000;10000;5;4.5104;7.57;70;17%;~140;14.7459;44.2377;NA;NA;NA;NA;NA;NA;NA;NA;NA;NA;NA;NA;NA;NA;NA;NA;NA;NA;NA;NA;NA;NA;NA;NA;NA;NA;NA;NA;NA;NA;NA;NA;NA
53;RING;semihonest;replicated-ring;3;NA;NA;NA;NA;NA;NA;NA;NA;NA;NA;NA;NA;NA;0;25000;10000;5;4.35565;7.96;70;17%;~140;14.7459;44.2377;NA;NA;NA;NA;NA;NA;NA;NA;NA;NA;NA;NA;NA;NA;NA;NA;NA;NA;NA;NA;NA;NA;NA;NA;NA;NA;NA;NA;NA;NA;NA;NA;NA
53;RING;semihonest;replicated-ring;3;NA;NA;NA;NA;NA;NA;NA;NA;NA;NA;NA;NA;NA;0;25000;10000;5;4.72368;6.28;70;21%;~140;14.7459;44.2377;NA;NA;NA;NA;NA;NA;NA;NA;NA;NA;NA;NA;NA;NA;NA;NA;NA;NA;NA;NA;NA;NA;NA;NA;NA;NA;NA;NA;NA;NA;NA;NA;NA
53;RING;semihonest;replicated-ring;3;NA;NA;NA;NA;NA;NA;NA;NA;NA;NA;NA;NA;NA;0;25000;10000;5;4.20594;4.73;72;27%;~140;14.7459;44.2377;NA;NA;NA;NA;NA;NA;NA;NA;NA;NA;NA;NA;NA;NA;NA;NA;NA;NA;NA;NA;NA;NA;NA;NA;NA;NA;NA;NA;NA;NA;NA;NA;NA
53;RING;semihonest;replicated-ring;3;NA;NA;NA;NA;NA;NA;NA;NA;NA;NA;NA;NA;NA;0;25000;10000;5;4.74827;7.58;70;17%;~140;14.7459;44.2377;NA;NA;NA;NA;NA;NA;NA;NA;NA;NA;NA;NA;NA;NA;NA;NA;NA;NA;NA;NA;NA;NA;NA;NA;NA;NA;NA;NA;NA;NA;NA;NA;NA
53;RING;semihonest;replicated-ring;3;NA;NA;NA;NA;NA;NA;NA;NA;NA;NA;NA;NA;NA;0;25000;10000;5;3.58869;5.32;69;25%;~140;14.7459;44.2377;NA;NA;NA;NA;NA;NA;NA;NA;NA;NA;NA;NA;NA;NA;NA;NA;NA;NA;NA;NA;NA;NA;NA;NA;NA;NA;NA;NA;NA;NA;NA;NA;NA
53;RING;semihonest;replicated-ring;3;NA;NA;NA;NA;NA;NA;NA;NA;NA;NA;NA;NA;NA;0;25000;10000;5;3.08445;7.87;69;16%;~140;14.7459;44.2377;NA;NA;NA;NA;NA;NA;NA;NA;NA;NA;NA;NA;NA;NA;NA;NA;NA;NA;NA;NA;NA;NA;NA;NA;NA;NA;NA;NA;NA;NA;NA;NA;NA
53;BINARY;semihonest;replicated-bin;3;35.96;1689;15;NA;NA;NA;NA;NA;NA;NA;NA;630000;7;0;25000;10000;0;0.029054;0.39;82;66%;~12;0.080038;0.240114;3.2e-05;2;0.000502709;3.2e-05;2;0.0011854;NA;NA;NA;NA;NA;NA;0.080006;7;0.00270545;NA;NA;NA;NA;NA;NA;NA;NA;NA;NA;NA;NA;NA;NA;NA;NA;NA;NA
53;BINARY;semihonest;replicated-bin;3;NA;NA;NA;NA;NA;NA;NA;NA;NA;NA;NA;NA;NA;0;25000;10000;0;0.0243088;0.38;84;90%;~12;0.080038;0.240114;3.2e-05;2;0.000534852;3.2e-05;2;0.000810854;NA;NA;NA;NA;NA;NA;0.080006;7;0.00484659;NA;NA;NA;NA;NA;NA;NA;NA;NA;NA;NA;NA;NA;NA;NA;NA;NA;NA
53;BINARY;semihonest;replicated-bin;3;NA;NA;NA;NA;NA;NA;NA;NA;NA;NA;NA;NA;NA;0;25000;10000;0;0.0240173;0.38;84;91%;~12;0.080038;0.240114;3.2e-05;2;0.000634018;3.2e-05;2;0.000813302;NA;NA;NA;NA;NA;NA;0.080006;7;0.00473187;NA;NA;NA;NA;NA;NA;NA;NA;NA;NA;NA;NA;NA;NA;NA;NA;NA;NA
53;BINARY;semihonest;replicated-bin;3;NA;NA;NA;NA;NA;NA;NA;NA;NA;NA;NA;NA;NA;0;25000;10000;0;0.0249079;0.37;84;92%;~12;0.080038;0.240114;3.2e-05;2;0.000530464;3.2e-05;2;0.00119198;NA;NA;NA;NA;NA;NA;0.080006;7;0.00354694;NA;NA;NA;NA;NA;NA;NA;NA;NA;NA;NA;NA;NA;NA;NA;NA;NA;NA
53;BINARY;semihonest;replicated-bin;3;NA;NA;NA;NA;NA;NA;NA;NA;NA;NA;NA;NA;NA;0;25000;10000;0;0.0235744;0.38;82;87%;~12;0.080038;0.240114;3.2e-05;2;0.000555296;3.2e-05;2;0.00129279;NA;NA;NA;NA;NA;NA;0.080006;7;0.00322823;NA;NA;NA;NA;NA;NA;NA;NA;NA;NA;NA;NA;NA;NA;NA;NA;NA;NA
53;BINARY;semihonest;replicated-bin;3;NA;NA;NA;NA;NA;NA;NA;NA;NA;NA;NA;NA;NA;0;25000;10000;0;0.0238087;0.38;84;91%;~12;0.080038;0.240114;3.2e-05;2;0.000424663;3.2e-05;2;0.000359225;NA;NA;NA;NA;NA;NA;0.080006;7;0.00325704;NA;NA;NA;NA;NA;NA;NA;NA;NA;NA;NA;NA;NA;NA;NA;NA;NA;NA
53;BINARY;semihonest;replicated-bin;3;NA;NA;NA;NA;NA;NA;NA;NA;NA;NA;NA;NA;NA;0;25000;10000;0;0.0238468;0.39;84;89%;~12;0.080038;0.240114;3.2e-05;2;0.000530395;3.2e-05;2;0.000428894;NA;NA;NA;NA;NA;NA;0.080006;7;0.00319007;NA;NA;NA;NA;NA;NA;NA;NA;NA;NA;NA;NA;NA;NA;NA;NA;NA;NA
53;BINARY;semihonest;replicated-bin;3;NA;NA;NA;NA;NA;NA;NA;NA;NA;NA;NA;NA;NA;0;25000;10000;0;0.0240769;0.39;84;63%;~12;0.080038;0.240114;3.2e-05;2;0.00043951;3.2e-05;2;0.00089283;NA;NA;NA;NA;NA;NA;0.080006;7;0.00381037;NA;NA;NA;NA;NA;NA;NA;NA;NA;NA;NA;NA;NA;NA;NA;NA;NA;NA
53;BINARY;semihonest;replicated-bin;3;NA;NA;NA;NA;NA;NA;NA;NA;NA;NA;NA;NA;NA;0;25000;10000;0;0.0238472;0.39;82;89%;~12;0.080038;0.240114;3.2e-05;2;0.000533836;3.2e-05;2;0.000543652;NA;NA;NA;NA;NA;NA;0.080006;7;0.00320434;NA;NA;NA;NA;NA;NA;NA;NA;NA;NA;NA;NA;NA;NA;NA;NA;NA;NA
53;BINARY;semihonest;replicated-bin;3;NA;NA;NA;NA;NA;NA;NA;NA;NA;NA;NA;NA;NA;0;25000;10000;0;0.0244599;0.38;82;90%;~12;0.080038;0.240114;3.2e-05;2;0.000496424;3.2e-05;2;0.000467276;NA;NA;NA;NA;NA;NA;0.080006;7;0.00410044;NA;NA;NA;NA;NA;NA;NA;NA;NA;NA;NA;NA;NA;NA;NA;NA;NA;NA
53;BINARY;semihonest;replicated-bin;3;NA;NA;NA;NA;NA;NA;NA;NA;NA;NA;NA;NA;NA;0;25000;10000;1;0.243604;3.85;84;9%;~12;0.080038;0.240114;3.2e-05;2;0.000522688;3.2e-05;2;0.00133972;NA;NA;NA;NA;NA;NA;0.080006;7;0.209522;NA;NA;NA;NA;NA;NA;NA;NA;NA;NA;NA;NA;NA;NA;NA;NA;NA;NA
53;BINARY;semihonest;replicated-bin;3;NA;NA;NA;NA;NA;NA;NA;NA;NA;NA;NA;NA;NA;0;25000;10000;1;0.687059;2.04;82;13%;~12;0.080038;0.240114;3.2e-05;2;0.000538908;3.2e-05;2;0.000442129;NA;NA;NA;NA;NA;NA;0.080006;7;0.657913;NA;NA;NA;NA;NA;NA;NA;NA;NA;NA;NA;NA;NA;NA;NA;NA;NA;NA
53;BINARY;semihonest;replicated-bin;3;NA;NA;NA;NA;NA;NA;NA;NA;NA;NA;NA;NA;NA;0;25000;10000;1;0.0311921;0.62;84;56%;~12;0.080038;0.240114;3.2e-05;2;0.000573604;3.2e-05;2;0.000872658;NA;NA;NA;NA;NA;NA;0.080006;7;0.0105439;NA;NA;NA;NA;NA;NA;NA;NA;NA;NA;NA;NA;NA;NA;NA;NA;NA;NA
53;BINARY;semihonest;replicated-bin;3;NA;NA;NA;NA;NA;NA;NA;NA;NA;NA;NA;NA;NA;0;25000;10000;1;0.0309311;0.40;84;66%;~12;0.080038;0.240114;3.2e-05;2;0.000563605;3.2e-05;2;0.000413442;NA;NA;NA;NA;NA;NA;0.080006;7;0.00306707;NA;NA;NA;NA;NA;NA;NA;NA;NA;NA;NA;NA;NA;NA;NA;NA;NA;NA
53;BINARY;semihonest;replicated-bin;3;NA;NA;NA;NA;NA;NA;NA;NA;NA;NA;NA;NA;NA;0;25000;10000;1;0.0245949;0.39;82;89%;~12;0.080038;0.240114;3.2e-05;2;0.000597057;3.2e-05;2;0.000538964;NA;NA;NA;NA;NA;NA;0.080006;7;0.00495257;NA;NA;NA;NA;NA;NA;NA;NA;NA;NA;NA;NA;NA;NA;NA;NA;NA;NA
53;BINARY;semihonest;replicated-bin;3;NA;NA;NA;NA;NA;NA;NA;NA;NA;NA;NA;NA;NA;0;25000;10000;1;0.0243545;1.44;84;24%;~12;0.080038;0.240114;3.2e-05;2;0.000180821;3.2e-05;2;0.0011401;NA;NA;NA;NA;NA;NA;0.080006;7;0.00316164;NA;NA;NA;NA;NA;NA;NA;NA;NA;NA;NA;NA;NA;NA;NA;NA;NA;NA
53;BINARY;semihonest;replicated-bin;3;NA;NA;NA;NA;NA;NA;NA;NA;NA;NA;NA;NA;NA;0;25000;10000;1;0.0229506;0.38;82;90%;~12;0.080038;0.240114;3.2e-05;2;0.000584751;3.2e-05;2;0.000773725;NA;NA;NA;NA;NA;NA;0.080006;7;0.00337642;NA;NA;NA;NA;NA;NA;NA;NA;NA;NA;NA;NA;NA;NA;NA;NA;NA;NA
53;BINARY;semihonest;replicated-bin;3;NA;NA;NA;NA;NA;NA;NA;NA;NA;NA;NA;NA;NA;0;25000;10000;1;0.0299131;0.39;82;78%;~12;0.080038;0.240114;3.2e-05;2;0.000559009;3.2e-05;2;0.00692974;NA;NA;NA;NA;NA;NA;0.080006;7;0.00307093;NA;NA;NA;NA;NA;NA;NA;NA;NA;NA;NA;NA;NA;NA;NA;NA;NA;NA
53;BINARY;semihonest;replicated-bin;3;NA;NA;NA;NA;NA;NA;NA;NA;NA;NA;NA;NA;NA;0;25000;10000;1;0.0234645;0.38;84;90%;~12;0.080038;0.240114;3.2e-05;2;0.000608484;3.2e-05;2;0.000581811;NA;NA;NA;NA;NA;NA;0.080006;7;0.00372762;NA;NA;NA;NA;NA;NA;NA;NA;NA;NA;NA;NA;NA;NA;NA;NA;NA;NA
53;BINARY;semihonest;replicated-bin;3;NA;NA;NA;NA;NA;NA;NA;NA;NA;NA;NA;NA;NA;0;25000;10000;1;0.0288531;1.44;83;25%;~12;0.080038;0.240114;3.2e-05;2;0.000633427;3.2e-05;2;0.00071802;NA;NA;NA;NA;NA;NA;0.080006;7;0.00660383;NA;NA;NA;NA;NA;NA;NA;NA;NA;NA;NA;NA;NA;NA;NA;NA;NA;NA
53;BINARY;semihonest;replicated-bin;3;NA;NA;NA;NA;NA;NA;NA;NA;NA;NA;NA;NA;NA;0;25000;10000;2;0.0681181;1.48;82;27%;~12;0.080038;0.240114;3.2e-05;2;0.000623597;3.2e-05;2;0.000509436;NA;NA;NA;NA;NA;NA;0.080006;7;0.00404157;NA;NA;NA;NA;NA;NA;NA;NA;NA;NA;NA;NA;NA;NA;NA;NA;NA;NA
53;BINARY;semihonest;replicated-bin;3;NA;NA;NA;NA;NA;NA;NA;NA;NA;NA;NA;NA;NA;0;25000;10000;2;0.0297813;1.45;82;26%;~12;0.080038;0.240114;3.2e-05;2;0.000586796;3.2e-05;2;0.0012623;NA;NA;NA;NA;NA;NA;0.080006;7;0.00419055;NA;NA;NA;NA;NA;NA;NA;NA;NA;NA;NA;NA;NA;NA;NA;NA;NA;NA
53;BINARY;semihonest;replicated-bin;3;NA;NA;NA;NA;NA;NA;NA;NA;NA;NA;NA;NA;NA;0;25000;10000;2;0.0331075;1.66;82;21%;~12;0.080038;0.240114;3.2e-05;2;0.000641661;3.2e-05;2;0.000538193;NA;NA;NA;NA;NA;NA;0.080006;7;0.00322811;NA;NA;NA;NA;NA;NA;NA;NA;NA;NA;NA;NA;NA;NA;NA;NA;NA;NA
53;BINARY;semihonest;replicated-bin;3;NA;NA;NA;NA;NA;NA;NA;NA;NA;NA;NA;NA;NA;0;25000;10000;2;0.0245493;1.43;84;26%;~12;0.080038;0.240114;3.2e-05;2;0.000607444;3.2e-05;2;0.000637233;NA;NA;NA;NA;NA;NA;0.080006;7;0.00461207;NA;NA;NA;NA;NA;NA;NA;NA;NA;NA;NA;NA;NA;NA;NA;NA;NA;NA
53;BINARY;semihonest;replicated-bin;3;NA;NA;NA;NA;NA;NA;NA;NA;NA;NA;NA;NA;NA;0;25000;10000;2;0.0245234;1.67;84;23%;~12;0.080038;0.240114;3.2e-05;2;0.000380722;3.2e-05;2;0.000767419;NA;NA;NA;NA;NA;NA;0.080006;7;0.00338836;NA;NA;NA;NA;NA;NA;NA;NA;NA;NA;NA;NA;NA;NA;NA;NA;NA;NA
53;BINARY;semihonest;replicated-bin;3;NA;NA;NA;NA;NA;NA;NA;NA;NA;NA;NA;NA;NA;0;25000;10000;2;0.0449213;1.66;82;23%;~12;0.080038;0.240114;3.2e-05;2;0.000612595;3.2e-05;2;0.000508783;NA;NA;NA;NA;NA;NA;0.080006;7;0.0159928;NA;NA;NA;NA;NA;NA;NA;NA;NA;NA;NA;NA;NA;NA;NA;NA;NA;NA
53;BINARY;semihonest;replicated-bin;3;NA;NA;NA;NA;NA;NA;NA;NA;NA;NA;NA;NA;NA;0;25000;10000;2;0.247173;0.81;82;43%;~12;0.080038;0.240114;3.2e-05;2;0.000587541;3.2e-05;2;0.000718453;NA;NA;NA;NA;NA;NA;0.080006;7;0.227336;NA;NA;NA;NA;NA;NA;NA;NA;NA;NA;NA;NA;NA;NA;NA;NA;NA;NA
53;BINARY;semihonest;replicated-bin;3;NA;NA;NA;NA;NA;NA;NA;NA;NA;NA;NA;NA;NA;0;25000;10000;2;0.0304403;1.63;83;23%;~12;0.080038;0.240114;3.2e-05;2;0.000396786;3.2e-05;2;0.00149951;NA;NA;NA;NA;NA;NA;0.080006;7;0.00450284;NA;NA;NA;NA;NA;NA;NA;NA;NA;NA;NA;NA;NA;NA;NA;NA;NA;NA
53;BINARY;semihonest;replicated-bin;3;NA;NA;NA;NA;NA;NA;NA;NA;NA;NA;NA;NA;NA;0;25000;10000;2;0.0357013;1.62;82;21%;~12;0.080038;0.240114;3.2e-05;2;0.000609158;3.2e-05;2;0.000919931;NA;NA;NA;NA;NA;NA;0.080006;7;0.0151371;NA;NA;NA;NA;NA;NA;NA;NA;NA;NA;NA;NA;NA;NA;NA;NA;NA;NA
53;BINARY;semihonest;replicated-bin;3;NA;NA;NA;NA;NA;NA;NA;NA;NA;NA;NA;NA;NA;0;25000;10000;2;0.0379305;2.08;84;18%;~12;0.080038;0.240114;3.2e-05;2;0.000576027;3.2e-05;2;0.00126913;NA;NA;NA;NA;NA;NA;0.080006;7;0.00399521;NA;NA;NA;NA;NA;NA;NA;NA;NA;NA;NA;NA;NA;NA;NA;NA;NA;NA
53;BINARY;semihonest;replicated-bin;3;NA;NA;NA;NA;NA;NA;NA;NA;NA;NA;NA;NA;NA;0;25000;10000;5;0.0376522;11.00;82;3%;~12;0.080038;0.240114;3.2e-05;2;0.000345759;3.2e-05;2;0.00128806;NA;NA;NA;NA;NA;NA;0.080006;7;0.0111143;NA;NA;NA;NA;NA;NA;NA;NA;NA;NA;NA;NA;NA;NA;NA;NA;NA;NA
53;BINARY;semihonest;replicated-bin;3;NA;NA;NA;NA;NA;NA;NA;NA;NA;NA;NA;NA;NA;0;25000;10000;5;0.0377686;2.08;84;24%;~12;0.080038;0.240114;3.2e-05;2;0.000299798;3.2e-05;2;0.00119089;NA;NA;NA;NA;NA;NA;0.080006;7;0.00477615;NA;NA;NA;NA;NA;NA;NA;NA;NA;NA;NA;NA;NA;NA;NA;NA;NA;NA
53;BINARY;semihonest;replicated-bin;3;NA;NA;NA;NA;NA;NA;NA;NA;NA;NA;NA;NA;NA;0;25000;10000;5;0.0426474;3.84;82;10%;~12;0.080038;0.240114;3.2e-05;2;0.000553401;3.2e-05;2;0.000534555;NA;NA;NA;NA;NA;NA;0.080006;7;0.0169405;NA;NA;NA;NA;NA;NA;NA;NA;NA;NA;NA;NA;NA;NA;NA;NA;NA;NA
53;BINARY;semihonest;replicated-bin;3;NA;NA;NA;NA;NA;NA;NA;NA;NA;NA;NA;NA;NA;0;25000;10000;5;0.0432639;2.08;83;19%;~12;0.080038;0.240114;3.2e-05;2;0.0005956;3.2e-05;2;0.000581492;NA;NA;NA;NA;NA;NA;0.080006;7;0.0103434;NA;NA;NA;NA;NA;NA;NA;NA;NA;NA;NA;NA;NA;NA;NA;NA;NA;NA
53;BINARY;semihonest;replicated-bin;3;NA;NA;NA;NA;NA;NA;NA;NA;NA;NA;NA;NA;NA;0;25000;10000;5;0.0391351;2.30;84;16%;~12;0.080038;0.240114;3.2e-05;2;0.00059796;3.2e-05;2;0.00687524;NA;NA;NA;NA;NA;NA;0.080006;7;0.0115574;NA;NA;NA;NA;NA;NA;NA;NA;NA;NA;NA;NA;NA;NA;NA;NA;NA;NA
53;BINARY;semihonest;replicated-bin;3;NA;NA;NA;NA;NA;NA;NA;NA;NA;NA;NA;NA;NA;0;25000;10000;5;0.0356356;4.00;82;9%;~12;0.080038;0.240114;3.2e-05;2;0.000462955;3.2e-05;2;0.000503808;NA;NA;NA;NA;NA;NA;0.080006;7;0.0160859;NA;NA;NA;NA;NA;NA;NA;NA;NA;NA;NA;NA;NA;NA;NA;NA;NA;NA
53;BINARY;semihonest;replicated-bin;3;NA;NA;NA;NA;NA;NA;NA;NA;NA;NA;NA;NA;NA;0;25000;10000;5;0.0427797;2.71;83;14%;~12;0.080038;0.240114;3.2e-05;2;0.000539068;3.2e-05;2;0.000470245;NA;NA;NA;NA;NA;NA;0.080006;7;0.00402622;NA;NA;NA;NA;NA;NA;NA;NA;NA;NA;NA;NA;NA;NA;NA;NA;NA;NA
53;BINARY;semihonest;replicated-bin;3;NA;NA;NA;NA;NA;NA;NA;NA;NA;NA;NA;NA;NA;0;25000;10000;5;0.0448771;2.92;85;14%;~12;0.080038;0.240114;3.2e-05;2;0.000546938;3.2e-05;2;0.00146991;NA;NA;NA;NA;NA;NA;0.080006;7;0.0120428;NA;NA;NA;NA;NA;NA;NA;NA;NA;NA;NA;NA;NA;NA;NA;NA;NA;NA
53;BINARY;semihonest;replicated-bin;3;NA;NA;NA;NA;NA;NA;NA;NA;NA;NA;NA;NA;NA;0;25000;10000;5;0.0260156;1.65;84;23%;~12;0.080038;0.240114;3.2e-05;2;0.000624712;3.2e-05;2;0.000741171;NA;NA;NA;NA;NA;NA;0.080006;7;0.00631552;NA;NA;NA;NA;NA;NA;NA;NA;NA;NA;NA;NA;NA;NA;NA;NA;NA;NA
53;BINARY;semihonest;replicated-bin;3;NA;NA;NA;NA;NA;NA;NA;NA;NA;NA;NA;NA;NA;0;25000;10000;5;0.043885;1.08;84;36%;~12;0.080038;0.240114;3.2e-05;2;0.000531062;3.2e-05;2;0.000460397;NA;NA;NA;NA;NA;NA;0.080006;7;0.0227671;NA;NA;NA;NA;NA;NA;NA;NA;NA;NA;NA;NA;NA;NA;NA;NA;NA;NA
53;BINARY;semidishonest;semi-bin;3;35.96;1689;15;NA;NA;NA;NA;NA;NA;NA;NA;630000;7;0;25000;10000;0;12.9879;13.31;94;250%;~13605;23.8116;71.1173;0.317512;14;0.000448138;0.317512;14;0.00374511;NA;NA;NA;NA;NA;NA;NA;NA;NA;NA;NA;NA;0.00852;4;0.00264367;1.29118;3700;1.45395;22.1944;4936;0;22.1944;4936;0;NA;NA;NA
53;BINARY;semidishonest;semi-bin;3;NA;NA;NA;NA;NA;NA;NA;NA;NA;NA;NA;NA;NA;0;25000;10000;0;13.3959;13.71;94;263%;~13605;23.8116;71.1173;0.317512;14;0.000469818;0.317512;14;0.00396314;NA;NA;NA;NA;NA;NA;NA;NA;NA;NA;NA;NA;0.00852;4;0.00147003;1.29118;3700;1.09406;22.1944;4936;0;22.1944;4936;0;NA;NA;NA
53;BINARY;semidishonest;semi-bin;3;NA;NA;NA;NA;NA;NA;NA;NA;NA;NA;NA;NA;NA;0;25000;10000;0;13.3464;13.66;92;263%;~13605;23.8116;71.1173;0.317512;14;0.00046349;0.317512;14;0.00540723;NA;NA;NA;NA;NA;NA;NA;NA;NA;NA;NA;NA;0.00852;4;0.00130168;1.29118;3700;1.2067;22.1944;4936;0;22.1944;4936;0;NA;NA;NA
53;BINARY;semidishonest;semi-bin;3;NA;NA;NA;NA;NA;NA;NA;NA;NA;NA;NA;NA;NA;0;25000;10000;0;13.3017;13.61;92;263%;~13605;23.8116;71.1173;0.317512;14;0.000467519;0.317512;14;0.005036;NA;NA;NA;NA;NA;NA;NA;NA;NA;NA;NA;NA;0.00852;4;0.00244633;1.29118;3700;1.08265;22.1944;4936;0;22.1944;4936;0;NA;NA;NA
53;BINARY;semidishonest;semi-bin;3;NA;NA;NA;NA;NA;NA;NA;NA;NA;NA;NA;NA;NA;0;25000;10000;0;13.256;13.58;92;253%;~13605;23.8116;71.1173;0.317512;14;0.000463128;0.317512;14;0.00408524;NA;NA;NA;NA;NA;NA;NA;NA;NA;NA;NA;NA;0.00852;4;0.00154772;1.29118;3700;1.35363;22.1944;4936;0;22.1944;4936;0;NA;NA;NA
53;BINARY;semidishonest;semi-bin;3;NA;NA;NA;NA;NA;NA;NA;NA;NA;NA;NA;NA;NA;0;25000;10000;0;13.4367;13.77;92;261%;~13605;23.8116;71.1173;0.317512;14;0.000465994;0.317512;14;0.00657894;NA;NA;NA;NA;NA;NA;NA;NA;NA;NA;NA;NA;0.00852;4;0.00135387;1.29118;3700;1.08512;22.1944;4936;0;22.1944;4936;0;NA;NA;NA
53;BINARY;semidishonest;semi-bin;3;NA;NA;NA;NA;NA;NA;NA;NA;NA;NA;NA;NA;NA;0;25000;10000;0;13.2995;13.61;92;263%;~13605;23.8116;71.1173;0.317512;14;0.000477454;0.317512;14;0.0078582;NA;NA;NA;NA;NA;NA;NA;NA;NA;NA;NA;NA;0.00852;4;0.00364559;1.29118;3700;1.06451;22.1944;4936;0;22.1944;4936;0;NA;NA;NA
53;BINARY;semidishonest;semi-bin;3;NA;NA;NA;NA;NA;NA;NA;NA;NA;NA;NA;NA;NA;0;25000;10000;0;13.0963;13.42;94;264%;~13605;23.8116;71.1173;0.317512;14;0.000453869;0.317512;14;0.00370423;NA;NA;NA;NA;NA;NA;NA;NA;NA;NA;NA;NA;0.00852;4;0.00346472;1.29118;3700;1.16395;22.1944;4936;0;22.1944;4936;0;NA;NA;NA
53;BINARY;semidishonest;semi-bin;3;NA;NA;NA;NA;NA;NA;NA;NA;NA;NA;NA;NA;NA;0;25000;10000;0;13.221;13.54;92;265%;~13605;23.8116;71.1173;0.317512;14;0.000457314;0.317512;14;0.005558;NA;NA;NA;NA;NA;NA;NA;NA;NA;NA;NA;NA;0.00852;4;0.00452711;1.29118;3700;1.04377;22.1944;4936;0;22.1944;4936;0;NA;NA;NA
53;BINARY;semidishonest;semi-bin;3;NA;NA;NA;NA;NA;NA;NA;NA;NA;NA;NA;NA;NA;0;25000;10000;0;13.2817;13.60;92;262%;~13605;23.8116;71.1173;0.317512;14;0.000465789;0.317512;14;0.0046392;NA;NA;NA;NA;NA;NA;NA;NA;NA;NA;NA;NA;0.00852;4;0.00346716;1.29118;3700;1.12095;22.1944;4936;0;22.1944;4936;0;NA;NA;NA
53;BINARY;semidishonest;semi-bin;3;NA;NA;NA;NA;NA;NA;NA;NA;NA;NA;NA;NA;NA;0;25000;10000;1;29.4801;30.01;92;117%;~13605;23.8116;71.1173;0.317512;14;0.000513104;0.317512;14;0.0422592;NA;NA;NA;NA;NA;NA;NA;NA;NA;NA;NA;NA;0.00852;4;0.00165354;1.29118;3700;12.5226;22.1944;4936;0;22.1944;4936;0;NA;NA;NA
53;BINARY;semidishonest;semi-bin;3;NA;NA;NA;NA;NA;NA;NA;NA;NA;NA;NA;NA;NA;0;25000;10000;1;27.7925;28.10;90;124%;~13605;23.8116;71.1173;0.317512;14;0.000501744;0.317512;14;0.307244;NA;NA;NA;NA;NA;NA;NA;NA;NA;NA;NA;NA;0.00852;4;0.00153602;1.29118;3700;9.60072;22.1944;4936;0;22.1944;4936;0;NA;NA;NA
53;BINARY;semidishonest;semi-bin;3;NA;NA;NA;NA;NA;NA;NA;NA;NA;NA;NA;NA;NA;0;25000;10000;1;30.1182;30.44;94;114%;~13605;23.8116;71.1173;0.317512;14;0.000487256;0.317512;14;0.0509211;NA;NA;NA;NA;NA;NA;NA;NA;NA;NA;NA;NA;0.00852;4;0.00326371;1.29118;3700;13.6632;22.1944;4936;0;22.1944;4936;0;NA;NA;NA
53;BINARY;semidishonest;semi-bin;3;NA;NA;NA;NA;NA;NA;NA;NA;NA;NA;NA;NA;NA;0;25000;10000;1;25.9934;26.32;92;126%;~13605;23.8116;71.1173;0.317512;14;0.000489905;0.317512;14;0.00341194;NA;NA;NA;NA;NA;NA;NA;NA;NA;NA;NA;NA;0.00852;4;0.00181038;1.29118;3700;12.0691;22.1944;4936;0;22.1944;4936;0;NA;NA;NA
53;BINARY;semidishonest;semi-bin;3;NA;NA;NA;NA;NA;NA;NA;NA;NA;NA;NA;NA;NA;0;25000;10000;1;26.6212;26.94;92;131%;~13605;23.8116;71.1173;0.317512;14;0.000474259;0.317512;14;0.00961021;NA;NA;NA;NA;NA;NA;NA;NA;NA;NA;NA;NA;0.00852;4;0.00225751;1.29118;3700;11.5415;22.1944;4936;0;22.1944;4936;0;NA;NA;NA
53;BINARY;semidishonest;semi-bin;3;NA;NA;NA;NA;NA;NA;NA;NA;NA;NA;NA;NA;NA;0;25000;10000;1;27.7868;29.15;88;117%;~13605;23.8116;71.1173;0.317512;14;0.000496228;0.317512;14;0.0469429;NA;NA;NA;NA;NA;NA;NA;NA;NA;NA;NA;NA;0.00852;4;0.20811;1.29118;3700;10.7271;22.1944;4936;0;22.1944;4936;0;NA;NA;NA
53;BINARY;semidishonest;semi-bin;3;NA;NA;NA;NA;NA;NA;NA;NA;NA;NA;NA;NA;NA;0;25000;10000;1;25.6774;26.00;92;131%;~13605;23.8116;71.1173;0.317512;14;0.0005002;0.317512;14;0.216517;NA;NA;NA;NA;NA;NA;NA;NA;NA;NA;NA;NA;0.00852;4;0.00260165;1.29118;3700;10.0509;22.1944;4936;0;22.1944;4936;0;NA;NA;NA
53;BINARY;semidishonest;semi-bin;3;NA;NA;NA;NA;NA;NA;NA;NA;NA;NA;NA;NA;NA;0;25000;10000;1;29.306;30.69;94;114%;~13605;23.8116;71.1173;0.317512;14;0.000499488;0.317512;14;0.216563;NA;NA;NA;NA;NA;NA;NA;NA;NA;NA;NA;NA;0.00852;4;0.000528236;1.29118;3700;13.7464;22.1944;4936;0;22.1944;4936;0;NA;NA;NA
53;BINARY;semidishonest;semi-bin;3;NA;NA;NA;NA;NA;NA;NA;NA;NA;NA;NA;NA;NA;0;25000;10000;1;24.4311;24.75;92;141%;~13605;23.8116;71.1173;0.317512;14;0.000518664;0.317512;14;0.0208106;NA;NA;NA;NA;NA;NA;NA;NA;NA;NA;NA;NA;0.00852;4;0.00209102;1.29118;3700;9.85073;22.1944;4936;0;22.1944;4936;0;NA;NA;NA
53;BINARY;semidishonest;semi-bin;3;NA;NA;NA;NA;NA;NA;NA;NA;NA;NA;NA;NA;NA;0;25000;10000;1;26.6334;26.95;92;131%;~13605;23.8116;71.1173;0.317512;14;0.000487713;0.317512;14;0.00448096;NA;NA;NA;NA;NA;NA;NA;NA;NA;NA;NA;NA;0.00852;4;0.00310437;1.29118;3700;12.5465;22.1944;4936;0;22.1944;4936;0;NA;NA;NA
53;BINARY;semidishonest;semi-bin;3;NA;NA;NA;NA;NA;NA;NA;NA;NA;NA;NA;NA;NA;0;25000;10000;2;47.8517;50.22;92;68%;~13605;23.8116;71.1173;0.317512;14;0.000478495;0.317512;14;0.00405973;NA;NA;NA;NA;NA;NA;NA;NA;NA;NA;NA;NA;0.00852;4;0.00338972;1.29118;3700;26.1301;22.1944;4936;0;22.1944;4936;0;NA;NA;NA
53;BINARY;semidishonest;semi-bin;3;NA;NA;NA;NA;NA;NA;NA;NA;NA;NA;NA;NA;NA;0;25000;10000;2;46.893;48.26;92;72%;~13605;23.8116;71.1173;0.317512;14;0.000500346;0.317512;14;0.21138;NA;NA;NA;NA;NA;NA;NA;NA;NA;NA;NA;NA;0.00852;4;0.00107115;1.29118;3700;25.3813;22.1944;4936;0;22.1944;4936;0;NA;NA;NA
53;BINARY;semidishonest;semi-bin;3;NA;NA;NA;NA;NA;NA;NA;NA;NA;NA;NA;NA;NA;0;25000;10000;2;49.0217;49.35;94;69%;~13605;23.8116;71.1173;0.317512;14;0.000515226;0.317512;14;0.00715402;NA;NA;NA;NA;NA;NA;NA;NA;NA;NA;NA;NA;0.00852;4;0.00218091;1.29118;3700;25.1309;22.1944;4936;0;22.1944;4936;0;NA;NA;NA
53;BINARY;semidishonest;semi-bin;3;NA;NA;NA;NA;NA;NA;NA;NA;NA;NA;NA;NA;NA;0;25000;10000;2;47.5609;48.93;92;70%;~13605;23.8116;71.1173;0.317512;14;0.000461597;0.317512;14;0.0121663;NA;NA;NA;NA;NA;NA;NA;NA;NA;NA;NA;NA;0.00852;4;0.00112975;1.29118;3700;25.7802;22.1944;4936;0;22.1944;4936;0;NA;NA;NA
53;BINARY;semidishonest;semi-bin;3;NA;NA;NA;NA;NA;NA;NA;NA;NA;NA;NA;NA;NA;0;25000;10000;2;48.3453;48.65;94;68%;~13605;23.8116;71.1173;0.317512;14;0.000531454;0.317512;14;0.0189077;NA;NA;NA;NA;NA;NA;NA;NA;NA;NA;NA;NA;0.00852;4;0.00563687;1.29118;3700;27.3859;22.1944;4936;0;22.1944;4936;0;NA;NA;NA
53;BINARY;semidishonest;semi-bin;3;NA;NA;NA;NA;NA;NA;NA;NA;NA;NA;NA;NA;NA;0;25000;10000;2;43.6204;43.93;93;78%;~13605;23.8116;71.1173;0.317512;14;0.000542872;0.317512;14;0.213445;NA;NA;NA;NA;NA;NA;NA;NA;NA;NA;NA;NA;0.00852;4;0.00149221;1.29118;3700;24.9256;22.1944;4936;0;22.1944;4936;0;NA;NA;NA
53;BINARY;semidishonest;semi-bin;3;NA;NA;NA;NA;NA;NA;NA;NA;NA;NA;NA;NA;NA;0;25000;10000;2;44.8232;45.13;92;76%;~13605;23.8116;71.1173;0.317512;14;0.000505891;0.317512;14;0.0207799;NA;NA;NA;NA;NA;NA;NA;NA;NA;NA;NA;NA;0.00852;4;0.00107474;1.29118;3700;24.6021;22.1944;4936;0;22.1944;4936;0;NA;NA;NA
53;BINARY;semidishonest;semi-bin;3;NA;NA;NA;NA;NA;NA;NA;NA;NA;NA;NA;NA;NA;0;25000;10000;2;48.2508;48.56;92;71%;~13605;23.8116;71.1173;0.317512;14;0.000521129;0.317512;14;0.082693;NA;NA;NA;NA;NA;NA;NA;NA;NA;NA;NA;NA;0.00852;4;0.00195479;1.29118;3700;28.0303;22.1944;4936;0;22.1944;4936;0;NA;NA;NA
53;BINARY;semidishonest;semi-bin;3;NA;NA;NA;NA;NA;NA;NA;NA;NA;NA;NA;NA;NA;0;25000;10000;2;47.2934;47.60;92;71%;~13605;23.8116;71.1173;0.317512;14;0.000501483;0.317512;14;0.0202485;NA;NA;NA;NA;NA;NA;NA;NA;NA;NA;NA;NA;0.00852;4;0.00307206;1.29118;3700;22.1822;22.1944;4936;0;22.1944;4936;0;NA;NA;NA
53;BINARY;semidishonest;semi-bin;3;NA;NA;NA;NA;NA;NA;NA;NA;NA;NA;NA;NA;NA;0;25000;10000;2;47.6025;47.93;92;72%;~13605;23.8116;71.1173;0.317512;14;0.000527836;0.317512;14;0.263255;NA;NA;NA;NA;NA;NA;NA;NA;NA;NA;NA;NA;0.00852;4;1.20733;1.29118;3700;25.333;22.1944;4936;0;22.1944;4936;0;NA;NA;NA
53;BINARY;semidishonest;semi-bin;3;NA;NA;NA;NA;NA;NA;NA;NA;NA;NA;NA;NA;NA;0;25000;10000;5;129.974;131.53;92;25%;~13605;23.8116;71.1173;0.317512;14;0.000574119;0.317512;14;0.279743;NA;NA;NA;NA;NA;NA;NA;NA;NA;NA;NA;NA;0.00852;4;0.00688032;1.29118;3700;79.8402;22.1944;4936;0;22.1944;4936;0;NA;NA;NA
53;BINARY;semidishonest;semi-bin;3;NA;NA;NA;NA;NA;NA;NA;NA;NA;NA;NA;NA;NA;0;25000;10000;5;139.925;141.26;92;23%;~13605;23.8116;71.1173;0.317512;14;0.000544775;0.317512;14;0.248544;NA;NA;NA;NA;NA;NA;NA;NA;NA;NA;NA;NA;0.00852;4;0.012669;1.29118;3700;67.4743;22.1944;4936;0;22.1944;4936;0;NA;NA;NA
53;BINARY;semidishonest;semi-bin;3;NA;NA;NA;NA;NA;NA;NA;NA;NA;NA;NA;NA;NA;0;25000;10000;5;131.571;134.15;92;24%;~13605;23.8116;71.1173;0.317512;14;0.000549868;0.317512;14;0.0418288;NA;NA;NA;NA;NA;NA;NA;NA;NA;NA;NA;NA;0.00852;4;0.00395892;1.29118;3700;70.2932;22.1944;4936;0;22.1944;4936;0;NA;NA;NA
53;BINARY;semidishonest;semi-bin;3;NA;NA;NA;NA;NA;NA;NA;NA;NA;NA;NA;NA;NA;0;25000;10000;5;126.59;127.94;92;25%;~13605;23.8116;71.1173;0.317512;14;0.000521441;0.317512;14;0.0138958;NA;NA;NA;NA;NA;NA;NA;NA;NA;NA;NA;NA;0.00852;4;0.0103273;1.29118;3700;68.6372;22.1944;4936;0;22.1944;4936;0;NA;NA;NA
53;BINARY;semidishonest;semi-bin;3;NA;NA;NA;NA;NA;NA;NA;NA;NA;NA;NA;NA;NA;0;25000;10000;5;135.738;136.07;90;24%;~13605;23.8116;71.1173;0.317512;14;0.000573973;0.317512;14;0.440241;NA;NA;NA;NA;NA;NA;NA;NA;NA;NA;NA;NA;0.00852;4;0.00168125;1.29118;3700;71.7086;22.1944;4936;0;22.1944;4936;0;NA;NA;NA
53;BINARY;semidishonest;semi-bin;3;NA;NA;NA;NA;NA;NA;NA;NA;NA;NA;NA;NA;NA;0;25000;10000;5;141.258;143.86;92;23%;~13605;23.8116;71.1173;0.317512;14;0.000562768;0.317512;14;0.0654207;NA;NA;NA;NA;NA;NA;NA;NA;NA;NA;NA;NA;0.00852;4;0.00381492;1.29118;3700;91.2673;22.1944;4936;0;22.1944;4936;0;NA;NA;NA
53;BINARY;semidishonest;semi-bin;3;NA;NA;NA;NA;NA;NA;NA;NA;NA;NA;NA;NA;NA;0;25000;10000;5;132.627;133.95;90;24%;~13605;23.8116;71.1173;0.317512;14;0.000578134;0.317512;14;1.01013;NA;NA;NA;NA;NA;NA;NA;NA;NA;NA;NA;NA;0.00852;4;0.218449;1.29118;3700;76.3221;22.1944;4936;0;22.1944;4936;0;NA;NA;NA
53;BINARY;semidishonest;semi-bin;3;NA;NA;NA;NA;NA;NA;NA;NA;NA;NA;NA;NA;NA;0;25000;10000;5;132.133;134.52;94;24%;~13605;23.8116;71.1173;0.317512;14;0.000583804;0.317512;14;0.00985831;NA;NA;NA;NA;NA;NA;NA;NA;NA;NA;NA;NA;0.00852;4;0.00937554;1.29118;3700;68.2115;22.1944;4936;0;22.1944;4936;0;NA;NA;NA
53;BINARY;semidishonest;semi-bin;3;NA;NA;NA;NA;NA;NA;NA;NA;NA;NA;NA;NA;NA;0;25000;10000;5;128.707;130.03;92;25%;~13605;23.8116;71.1173;0.317512;14;0.000574516;0.317512;14;0.0740949;NA;NA;NA;NA;NA;NA;NA;NA;NA;NA;NA;NA;0.00852;4;0.21665;1.29118;3700;80.0897;22.1944;4936;0;22.1944;4936;0;NA;NA;NA
53;BINARY;semidishonest;semi-bin;3;NA;NA;NA;NA;NA;NA;NA;NA;NA;NA;NA;NA;NA;0;25000;10000;5;129.699;134.09;94;24%;~13605;23.8116;71.1173;0.317512;14;0.00052844;0.317512;14;0.211018;NA;NA;NA;NA;NA;NA;NA;NA;NA;NA;NA;NA;0.00852;4;0.00249742;1.29118;3700;70.9969;22.1944;4936;0;22.1944;4936;0;NA;NA;NA
