program;c.domain;adv.model;protocol;partysize;comp.time(s);comp.peakRAM(MiB);bin.filesize(MiB);comp.P0intin;comp.P1intin;comp.P2intin;comp.P0bitin;comp.P1bitin;compP2bitin;comp.intbits;comp.inttriples;comp.bittriples;comp.vmrounds;latencies(ms);bandwidths(Mbs);input_size;runtime_internal(s);runtime_external(s);peakRAM(MiB);jobCPU(%);P0commRounds;P0dataSent(MB);ALLdataSent(MB);System time (s);Tx(MB);Tx(rounds);Tx(s);Rx(MB);Rx(rounds);Rx(s);Brcasting(MB);Brcasting(rounds);Brcasting(s);TxRx(MB);TxRx(rounds);TxRx(s);Passing(MB);Passing(rounds);Passing(s);Part.Brcasting(MB);Part.Brcasting(rounds);Part.Brcasting(s);Ex(MB);Ex(rounds);Ex(s);Ex1to1(MB);Ex1to1(rounds);Ex1to1(s);Rx1to1(MB);Rx1to1(rounds);Rx1to1(s);Tx1to1(MB);Tx1to1(rounds);Tx1to1(s);Txtoall(MB);Txtoall(rounds);Txtoall(s)
61;FIELD;semihonest;replicated-field;3;0.38;30;1;NA;NA;NA;NA;NA;NA;NA;213;11706;203;1;25000;100;0.57604;0.66;16;73%;~1525;0.06556;0.173152;NA;NA;NA;NA;NA;NA;NA;NA;NA;NA;NA;NA;NA;NA;NA;NA;NA;NA;NA;NA;NA;NA;NA;NA;NA;NA;NA;NA;NA;NA;NA;NA;NA
61;FIELD;semihonest;replicated-field;3;0.33;27;1;NA;NA;NA;NA;NA;NA;NA;20013;1140306;20003;1;25000;10000;40.3718;40.45;21;101%;~80820;3.29597;9.04847;NA;NA;NA;NA;NA;NA;NA;NA;NA;NA;NA;NA;NA;NA;NA;NA;NA;NA;NA;NA;NA;NA;NA;NA;NA;NA;NA;NA;NA;NA;NA;NA;NA
61;FIELD;semihonest;replicated-field;3;NA;NA;NA;NA;NA;NA;NA;NA;NA;NA;NA;NA;NA;1;10000;100;0.658036;0.74;14;95%;~1525;0.06556;0.173152;NA;NA;NA;NA;NA;NA;NA;NA;NA;NA;NA;NA;NA;NA;NA;NA;NA;NA;NA;NA;NA;NA;NA;NA;NA;NA;NA;NA;NA;NA;NA;NA;NA
61;FIELD;semihonest;replicated-field;3;NA;NA;NA;NA;NA;NA;NA;NA;NA;NA;NA;NA;NA;1;10000;10000;39.0278;39.11;21;102%;~80820;3.29597;9.04847;NA;NA;NA;NA;NA;NA;NA;NA;NA;NA;NA;NA;NA;NA;NA;NA;NA;NA;NA;NA;NA;NA;NA;NA;NA;NA;NA;NA;NA;NA;NA;NA;NA
61;FIELD;semihonest;replicated-field;3;NA;NA;NA;NA;NA;NA;NA;NA;NA;NA;NA;NA;NA;1;1000;100;0.71285;0.79;14;93%;~1525;0.06556;0.173152;NA;NA;NA;NA;NA;NA;NA;NA;NA;NA;NA;NA;NA;NA;NA;NA;NA;NA;NA;NA;NA;NA;NA;NA;NA;NA;NA;NA;NA;NA;NA;NA;NA
61;FIELD;semihonest;replicated-field;3;NA;NA;NA;NA;NA;NA;NA;NA;NA;NA;NA;NA;NA;1;1000;10000;36.7391;36.82;20;104%;~80820;3.29597;9.04847;NA;NA;NA;NA;NA;NA;NA;NA;NA;NA;NA;NA;NA;NA;NA;NA;NA;NA;NA;NA;NA;NA;NA;NA;NA;NA;NA;NA;NA;NA;NA;NA;NA
61;FIELD;semihonest;replicated-field;3;NA;NA;NA;NA;NA;NA;NA;NA;NA;NA;NA;NA;NA;1;100;100;0.716264;0.80;16;90%;~1525;0.06556;0.173152;NA;NA;NA;NA;NA;NA;NA;NA;NA;NA;NA;NA;NA;NA;NA;NA;NA;NA;NA;NA;NA;NA;NA;NA;NA;NA;NA;NA;NA;NA;NA;NA;NA
61;FIELD;semihonest;replicated-field;3;NA;NA;NA;NA;NA;NA;NA;NA;NA;NA;NA;NA;NA;1;100;10000;38.5414;38.62;20;96%;~80820;3.29597;9.04847;NA;NA;NA;NA;NA;NA;NA;NA;NA;NA;NA;NA;NA;NA;NA;NA;NA;NA;NA;NA;NA;NA;NA;NA;NA;NA;NA;NA;NA;NA;NA;NA;NA
61;FIELD;semihonest;replicated-field;3;NA;NA;NA;NA;NA;NA;NA;NA;NA;NA;NA;NA;NA;30;25000;100;0.596051;0.67;14;100%;~1525;0.06556;0.173152;NA;NA;NA;NA;NA;NA;NA;NA;NA;NA;NA;NA;NA;NA;NA;NA;NA;NA;NA;NA;NA;NA;NA;NA;NA;NA;NA;NA;NA;NA;NA;NA;NA
61;FIELD;semihonest;replicated-field;3;NA;NA;NA;NA;NA;NA;NA;NA;NA;NA;NA;NA;NA;30;25000;10000;39.6048;39.69;21;98%;~80820;3.29597;9.04847;NA;NA;NA;NA;NA;NA;NA;NA;NA;NA;NA;NA;NA;NA;NA;NA;NA;NA;NA;NA;NA;NA;NA;NA;NA;NA;NA;NA;NA;NA;NA;NA;NA
61;FIELD;semihonest;replicated-field;3;NA;NA;NA;NA;NA;NA;NA;NA;NA;NA;NA;NA;NA;30;10000;100;0.577242;0.65;16;96%;~1525;0.06556;0.173152;NA;NA;NA;NA;NA;NA;NA;NA;NA;NA;NA;NA;NA;NA;NA;NA;NA;NA;NA;NA;NA;NA;NA;NA;NA;NA;NA;NA;NA;NA;NA;NA;NA
61;FIELD;semihonest;replicated-field;3;NA;NA;NA;NA;NA;NA;NA;NA;NA;NA;NA;NA;NA;30;10000;10000;40.1605;40.24;20;102%;~80820;3.29597;9.04847;NA;NA;NA;NA;NA;NA;NA;NA;NA;NA;NA;NA;NA;NA;NA;NA;NA;NA;NA;NA;NA;NA;NA;NA;NA;NA;NA;NA;NA;NA;NA;NA;NA
61;FIELD;semihonest;replicated-field;3;NA;NA;NA;NA;NA;NA;NA;NA;NA;NA;NA;NA;NA;30;1000;100;0.721875;0.80;14;92%;~1525;0.06556;0.173152;NA;NA;NA;NA;NA;NA;NA;NA;NA;NA;NA;NA;NA;NA;NA;NA;NA;NA;NA;NA;NA;NA;NA;NA;NA;NA;NA;NA;NA;NA;NA;NA;NA
61;FIELD;semihonest;replicated-field;3;NA;NA;NA;NA;NA;NA;NA;NA;NA;NA;NA;NA;NA;30;1000;10000;34.8525;34.93;22;102%;~80820;3.29597;9.04847;NA;NA;NA;NA;NA;NA;NA;NA;NA;NA;NA;NA;NA;NA;NA;NA;NA;NA;NA;NA;NA;NA;NA;NA;NA;NA;NA;NA;NA;NA;NA;NA;NA
61;FIELD;semihonest;replicated-field;3;NA;NA;NA;NA;NA;NA;NA;NA;NA;NA;NA;NA;NA;30;100;100;0.742619;0.82;14;95%;~1525;0.06556;0.173152;NA;NA;NA;NA;NA;NA;NA;NA;NA;NA;NA;NA;NA;NA;NA;NA;NA;NA;NA;NA;NA;NA;NA;NA;NA;NA;NA;NA;NA;NA;NA;NA;NA
61;FIELD;semihonest;replicated-field;3;NA;NA;NA;NA;NA;NA;NA;NA;NA;NA;NA;NA;NA;30;100;10000;39.1881;39.26;22;95%;~80820;3.29597;9.04847;NA;NA;NA;NA;NA;NA;NA;NA;NA;NA;NA;NA;NA;NA;NA;NA;NA;NA;NA;NA;NA;NA;NA;NA;NA;NA;NA;NA;NA;NA;NA;NA;NA
61;FIELD;semihonest;replicated-field;3;NA;NA;NA;NA;NA;NA;NA;NA;NA;NA;NA;NA;NA;100;25000;100;0.633328;0.71;14;97%;~1525;0.06556;0.173152;NA;NA;NA;NA;NA;NA;NA;NA;NA;NA;NA;NA;NA;NA;NA;NA;NA;NA;NA;NA;NA;NA;NA;NA;NA;NA;NA;NA;NA;NA;NA;NA;NA
61;FIELD;semihonest;replicated-field;3;NA;NA;NA;NA;NA;NA;NA;NA;NA;NA;NA;NA;NA;100;25000;10000;38.7127;38.79;20;100%;~80820;3.29597;9.04847;NA;NA;NA;NA;NA;NA;NA;NA;NA;NA;NA;NA;NA;NA;NA;NA;NA;NA;NA;NA;NA;NA;NA;NA;NA;NA;NA;NA;NA;NA;NA;NA;NA
61;FIELD;semihonest;replicated-field;3;NA;NA;NA;NA;NA;NA;NA;NA;NA;NA;NA;NA;NA;100;10000;100;0.654373;0.73;16;78%;~1525;0.06556;0.173152;NA;NA;NA;NA;NA;NA;NA;NA;NA;NA;NA;NA;NA;NA;NA;NA;NA;NA;NA;NA;NA;NA;NA;NA;NA;NA;NA;NA;NA;NA;NA;NA;NA
61;FIELD;semihonest;replicated-field;3;NA;NA;NA;NA;NA;NA;NA;NA;NA;NA;NA;NA;NA;100;10000;10000;38.9928;39.07;20;101%;~80820;3.29597;9.04847;NA;NA;NA;NA;NA;NA;NA;NA;NA;NA;NA;NA;NA;NA;NA;NA;NA;NA;NA;NA;NA;NA;NA;NA;NA;NA;NA;NA;NA;NA;NA;NA;NA
61;FIELD;semihonest;replicated-field;3;NA;NA;NA;NA;NA;NA;NA;NA;NA;NA;NA;NA;NA;100;1000;100;0.67631;0.75;14;94%;~1525;0.06556;0.173152;NA;NA;NA;NA;NA;NA;NA;NA;NA;NA;NA;NA;NA;NA;NA;NA;NA;NA;NA;NA;NA;NA;NA;NA;NA;NA;NA;NA;NA;NA;NA;NA;NA
61;FIELD;semihonest;replicated-field;3;NA;NA;NA;NA;NA;NA;NA;NA;NA;NA;NA;NA;NA;100;1000;10000;39.5323;39.61;21;102%;~80820;3.29597;9.04847;NA;NA;NA;NA;NA;NA;NA;NA;NA;NA;NA;NA;NA;NA;NA;NA;NA;NA;NA;NA;NA;NA;NA;NA;NA;NA;NA;NA;NA;NA;NA;NA;NA
61;FIELD;semihonest;replicated-field;3;NA;NA;NA;NA;NA;NA;NA;NA;NA;NA;NA;NA;NA;100;100;100;0.714527;0.79;16;93%;~1525;0.06556;0.173152;NA;NA;NA;NA;NA;NA;NA;NA;NA;NA;NA;NA;NA;NA;NA;NA;NA;NA;NA;NA;NA;NA;NA;NA;NA;NA;NA;NA;NA;NA;NA;NA;NA
61;FIELD;semihonest;replicated-field;3;NA;NA;NA;NA;NA;NA;NA;NA;NA;NA;NA;NA;NA;100;100;10000;38.6731;38.75;20;89%;~80820;3.29597;9.04847;NA;NA;NA;NA;NA;NA;NA;NA;NA;NA;NA;NA;NA;NA;NA;NA;NA;NA;NA;NA;NA;NA;NA;NA;NA;NA;NA;NA;NA;NA;NA;NA;NA
61;FIELD;semihonest;replicated-field;3;NA;NA;NA;NA;NA;NA;NA;NA;NA;NA;NA;NA;NA;150;25000;100;0.67436;0.75;14;91%;~1525;0.06556;0.173152;NA;NA;NA;NA;NA;NA;NA;NA;NA;NA;NA;NA;NA;NA;NA;NA;NA;NA;NA;NA;NA;NA;NA;NA;NA;NA;NA;NA;NA;NA;NA;NA;NA
61;FIELD;semihonest;replicated-field;3;NA;NA;NA;NA;NA;NA;NA;NA;NA;NA;NA;NA;NA;150;25000;10000;39.5111;39.59;21;99%;~80820;3.29597;9.04847;NA;NA;NA;NA;NA;NA;NA;NA;NA;NA;NA;NA;NA;NA;NA;NA;NA;NA;NA;NA;NA;NA;NA;NA;NA;NA;NA;NA;NA;NA;NA;NA;NA
61;FIELD;semihonest;replicated-field;3;NA;NA;NA;NA;NA;NA;NA;NA;NA;NA;NA;NA;NA;150;10000;100;0.663396;0.74;16;75%;~1525;0.06556;0.173152;NA;NA;NA;NA;NA;NA;NA;NA;NA;NA;NA;NA;NA;NA;NA;NA;NA;NA;NA;NA;NA;NA;NA;NA;NA;NA;NA;NA;NA;NA;NA;NA;NA
61;FIELD;semihonest;replicated-field;3;NA;NA;NA;NA;NA;NA;NA;NA;NA;NA;NA;NA;NA;150;10000;10000;40.0494;40.12;22;99%;~80820;3.29597;9.04847;NA;NA;NA;NA;NA;NA;NA;NA;NA;NA;NA;NA;NA;NA;NA;NA;NA;NA;NA;NA;NA;NA;NA;NA;NA;NA;NA;NA;NA;NA;NA;NA;NA
61;FIELD;semihonest;replicated-field;3;NA;NA;NA;NA;NA;NA;NA;NA;NA;NA;NA;NA;NA;150;1000;100;0.701013;0.78;14;90%;~1525;0.06556;0.173152;NA;NA;NA;NA;NA;NA;NA;NA;NA;NA;NA;NA;NA;NA;NA;NA;NA;NA;NA;NA;NA;NA;NA;NA;NA;NA;NA;NA;NA;NA;NA;NA;NA
61;FIELD;semihonest;replicated-field;3;NA;NA;NA;NA;NA;NA;NA;NA;NA;NA;NA;NA;NA;150;1000;10000;39.8936;39.97;20;98%;~80820;3.29597;9.04847;NA;NA;NA;NA;NA;NA;NA;NA;NA;NA;NA;NA;NA;NA;NA;NA;NA;NA;NA;NA;NA;NA;NA;NA;NA;NA;NA;NA;NA;NA;NA;NA;NA
61;FIELD;semihonest;replicated-field;3;NA;NA;NA;NA;NA;NA;NA;NA;NA;NA;NA;NA;NA;150;100;100;0.618804;0.70;18;93%;~1525;0.06556;0.173152;NA;NA;NA;NA;NA;NA;NA;NA;NA;NA;NA;NA;NA;NA;NA;NA;NA;NA;NA;NA;NA;NA;NA;NA;NA;NA;NA;NA;NA;NA;NA;NA;NA
61;FIELD;semihonest;replicated-field;3;NA;NA;NA;NA;NA;NA;NA;NA;NA;NA;NA;NA;NA;150;100;10000;40.2744;40.36;20;102%;~80820;3.29597;9.04847;NA;NA;NA;NA;NA;NA;NA;NA;NA;NA;NA;NA;NA;NA;NA;NA;NA;NA;NA;NA;NA;NA;NA;NA;NA;NA;NA;NA;NA;NA;NA;NA;NA
61;FIELD;semihonest;shamir;3;0.38;30;1;NA;NA;NA;NA;NA;NA;NA;213;11706;203;1;25000;100;0.858562;0.94;16;130%;~1687;0.085708;0.21878;NA;NA;NA;NA;NA;NA;NA;NA;NA;NA;NA;NA;NA;NA;NA;NA;NA;NA;NA;NA;NA;NA;NA;NA;NA;NA;NA;NA;NA;NA;NA;NA;NA
61;FIELD;semihonest;shamir;3;0.33;27;1;NA;NA;NA;NA;NA;NA;NA;20013;1140306;20003;1;25000;10000;56.7108;56.79;27;124%;~100884;10.0114;25.5688;NA;NA;NA;NA;NA;NA;NA;NA;NA;NA;NA;NA;NA;NA;NA;NA;NA;NA;NA;NA;NA;NA;NA;NA;NA;NA;NA;NA;NA;NA;NA;NA;NA
61;FIELD;semihonest;shamir;3;NA;NA;NA;NA;NA;NA;NA;NA;NA;NA;NA;NA;NA;1;10000;100;0.881838;0.96;16;131%;~1687;0.085708;0.21878;NA;NA;NA;NA;NA;NA;NA;NA;NA;NA;NA;NA;NA;NA;NA;NA;NA;NA;NA;NA;NA;NA;NA;NA;NA;NA;NA;NA;NA;NA;NA;NA;NA
61;FIELD;semihonest;shamir;3;NA;NA;NA;NA;NA;NA;NA;NA;NA;NA;NA;NA;NA;1;10000;10000;56.4426;56.53;29;115%;~100884;10.0114;25.5688;NA;NA;NA;NA;NA;NA;NA;NA;NA;NA;NA;NA;NA;NA;NA;NA;NA;NA;NA;NA;NA;NA;NA;NA;NA;NA;NA;NA;NA;NA;NA;NA;NA
61;FIELD;semihonest;shamir;3;NA;NA;NA;NA;NA;NA;NA;NA;NA;NA;NA;NA;NA;1;1000;100;0.973809;1.05;14;131%;~1687;0.085708;0.21878;NA;NA;NA;NA;NA;NA;NA;NA;NA;NA;NA;NA;NA;NA;NA;NA;NA;NA;NA;NA;NA;NA;NA;NA;NA;NA;NA;NA;NA;NA;NA;NA;NA
61;FIELD;semihonest;shamir;3;NA;NA;NA;NA;NA;NA;NA;NA;NA;NA;NA;NA;NA;1;1000;10000;57.8594;57.94;25;131%;~100884;10.0114;25.5688;NA;NA;NA;NA;NA;NA;NA;NA;NA;NA;NA;NA;NA;NA;NA;NA;NA;NA;NA;NA;NA;NA;NA;NA;NA;NA;NA;NA;NA;NA;NA;NA;NA
61;FIELD;semihonest;shamir;3;NA;NA;NA;NA;NA;NA;NA;NA;NA;NA;NA;NA;NA;1;100;100;0.909039;1.00;14;115%;~1687;0.085708;0.21878;NA;NA;NA;NA;NA;NA;NA;NA;NA;NA;NA;NA;NA;NA;NA;NA;NA;NA;NA;NA;NA;NA;NA;NA;NA;NA;NA;NA;NA;NA;NA;NA;NA
61;FIELD;semihonest;shamir;3;NA;NA;NA;NA;NA;NA;NA;NA;NA;NA;NA;NA;NA;1;100;10000;59.3209;59.40;26;124%;~100884;10.0114;25.5688;NA;NA;NA;NA;NA;NA;NA;NA;NA;NA;NA;NA;NA;NA;NA;NA;NA;NA;NA;NA;NA;NA;NA;NA;NA;NA;NA;NA;NA;NA;NA;NA;NA
61;FIELD;semihonest;shamir;3;NA;NA;NA;NA;NA;NA;NA;NA;NA;NA;NA;NA;NA;30;25000;100;0.91941;1.00;14;136%;~1687;0.085708;0.21878;NA;NA;NA;NA;NA;NA;NA;NA;NA;NA;NA;NA;NA;NA;NA;NA;NA;NA;NA;NA;NA;NA;NA;NA;NA;NA;NA;NA;NA;NA;NA;NA;NA
61;FIELD;semihonest;shamir;3;NA;NA;NA;NA;NA;NA;NA;NA;NA;NA;NA;NA;NA;30;25000;10000;55.772;55.86;29;110%;~100884;10.0114;25.5688;NA;NA;NA;NA;NA;NA;NA;NA;NA;NA;NA;NA;NA;NA;NA;NA;NA;NA;NA;NA;NA;NA;NA;NA;NA;NA;NA;NA;NA;NA;NA;NA;NA
61;FIELD;semihonest;shamir;3;NA;NA;NA;NA;NA;NA;NA;NA;NA;NA;NA;NA;NA;30;10000;100;0.971425;1.05;16;131%;~1687;0.085708;0.21878;NA;NA;NA;NA;NA;NA;NA;NA;NA;NA;NA;NA;NA;NA;NA;NA;NA;NA;NA;NA;NA;NA;NA;NA;NA;NA;NA;NA;NA;NA;NA;NA;NA
61;FIELD;semihonest;shamir;3;NA;NA;NA;NA;NA;NA;NA;NA;NA;NA;NA;NA;NA;30;10000;10000;57.0407;57.12;26;130%;~100884;10.0114;25.5688;NA;NA;NA;NA;NA;NA;NA;NA;NA;NA;NA;NA;NA;NA;NA;NA;NA;NA;NA;NA;NA;NA;NA;NA;NA;NA;NA;NA;NA;NA;NA;NA;NA
61;FIELD;semihonest;shamir;3;NA;NA;NA;NA;NA;NA;NA;NA;NA;NA;NA;NA;NA;30;1000;100;0.955978;1.04;14;131%;~1687;0.085708;0.21878;NA;NA;NA;NA;NA;NA;NA;NA;NA;NA;NA;NA;NA;NA;NA;NA;NA;NA;NA;NA;NA;NA;NA;NA;NA;NA;NA;NA;NA;NA;NA;NA;NA
61;FIELD;semihonest;shamir;3;NA;NA;NA;NA;NA;NA;NA;NA;NA;NA;NA;NA;NA;30;1000;10000;57.5085;57.59;28;121%;~100884;10.0114;25.5688;NA;NA;NA;NA;NA;NA;NA;NA;NA;NA;NA;NA;NA;NA;NA;NA;NA;NA;NA;NA;NA;NA;NA;NA;NA;NA;NA;NA;NA;NA;NA;NA;NA
61;FIELD;semihonest;shamir;3;NA;NA;NA;NA;NA;NA;NA;NA;NA;NA;NA;NA;NA;30;100;100;0.884394;0.97;16;134%;~1687;0.085708;0.21878;NA;NA;NA;NA;NA;NA;NA;NA;NA;NA;NA;NA;NA;NA;NA;NA;NA;NA;NA;NA;NA;NA;NA;NA;NA;NA;NA;NA;NA;NA;NA;NA;NA
61;FIELD;semihonest;shamir;3;NA;NA;NA;NA;NA;NA;NA;NA;NA;NA;NA;NA;NA;30;100;10000;58.2281;58.31;29;126%;~100884;10.0114;25.5688;NA;NA;NA;NA;NA;NA;NA;NA;NA;NA;NA;NA;NA;NA;NA;NA;NA;NA;NA;NA;NA;NA;NA;NA;NA;NA;NA;NA;NA;NA;NA;NA;NA
61;FIELD;semihonest;shamir;3;NA;NA;NA;NA;NA;NA;NA;NA;NA;NA;NA;NA;NA;100;25000;100;0.887015;0.96;14;135%;~1687;0.085708;0.21878;NA;NA;NA;NA;NA;NA;NA;NA;NA;NA;NA;NA;NA;NA;NA;NA;NA;NA;NA;NA;NA;NA;NA;NA;NA;NA;NA;NA;NA;NA;NA;NA;NA
61;FIELD;semihonest;shamir;3;NA;NA;NA;NA;NA;NA;NA;NA;NA;NA;NA;NA;NA;100;25000;10000;58.0117;58.09;27;126%;~100884;10.0114;25.5688;NA;NA;NA;NA;NA;NA;NA;NA;NA;NA;NA;NA;NA;NA;NA;NA;NA;NA;NA;NA;NA;NA;NA;NA;NA;NA;NA;NA;NA;NA;NA;NA;NA
61;FIELD;semihonest;shamir;3;NA;NA;NA;NA;NA;NA;NA;NA;NA;NA;NA;NA;NA;100;10000;100;0.97248;1.05;16;128%;~1687;0.085708;0.21878;NA;NA;NA;NA;NA;NA;NA;NA;NA;NA;NA;NA;NA;NA;NA;NA;NA;NA;NA;NA;NA;NA;NA;NA;NA;NA;NA;NA;NA;NA;NA;NA;NA
61;FIELD;semihonest;shamir;3;NA;NA;NA;NA;NA;NA;NA;NA;NA;NA;NA;NA;NA;100;10000;10000;57.013;57.10;28;129%;~100884;10.0114;25.5688;NA;NA;NA;NA;NA;NA;NA;NA;NA;NA;NA;NA;NA;NA;NA;NA;NA;NA;NA;NA;NA;NA;NA;NA;NA;NA;NA;NA;NA;NA;NA;NA;NA
61;FIELD;semihonest;shamir;3;NA;NA;NA;NA;NA;NA;NA;NA;NA;NA;NA;NA;NA;100;1000;100;0.947694;1.03;16;134%;~1687;0.085708;0.21878;NA;NA;NA;NA;NA;NA;NA;NA;NA;NA;NA;NA;NA;NA;NA;NA;NA;NA;NA;NA;NA;NA;NA;NA;NA;NA;NA;NA;NA;NA;NA;NA;NA
61;FIELD;semihonest;shamir;3;NA;NA;NA;NA;NA;NA;NA;NA;NA;NA;NA;NA;NA;100;1000;10000;57.0723;57.15;27;125%;~100884;10.0114;25.5688;NA;NA;NA;NA;NA;NA;NA;NA;NA;NA;NA;NA;NA;NA;NA;NA;NA;NA;NA;NA;NA;NA;NA;NA;NA;NA;NA;NA;NA;NA;NA;NA;NA
61;FIELD;semihonest;shamir;3;NA;NA;NA;NA;NA;NA;NA;NA;NA;NA;NA;NA;NA;100;100;100;0.930888;1.01;14;120%;~1687;0.085708;0.21878;NA;NA;NA;NA;NA;NA;NA;NA;NA;NA;NA;NA;NA;NA;NA;NA;NA;NA;NA;NA;NA;NA;NA;NA;NA;NA;NA;NA;NA;NA;NA;NA;NA
61;FIELD;semihonest;shamir;3;NA;NA;NA;NA;NA;NA;NA;NA;NA;NA;NA;NA;NA;100;100;10000;58.7461;58.83;29;126%;~100884;10.0114;25.5688;NA;NA;NA;NA;NA;NA;NA;NA;NA;NA;NA;NA;NA;NA;NA;NA;NA;NA;NA;NA;NA;NA;NA;NA;NA;NA;NA;NA;NA;NA;NA;NA;NA
61;FIELD;semihonest;shamir;3;NA;NA;NA;NA;NA;NA;NA;NA;NA;NA;NA;NA;NA;150;25000;100;0.911557;0.99;14;130%;~1687;0.085708;0.21878;NA;NA;NA;NA;NA;NA;NA;NA;NA;NA;NA;NA;NA;NA;NA;NA;NA;NA;NA;NA;NA;NA;NA;NA;NA;NA;NA;NA;NA;NA;NA;NA;NA
61;FIELD;semihonest;shamir;3;NA;NA;NA;NA;NA;NA;NA;NA;NA;NA;NA;NA;NA;150;25000;10000;58.7241;58.80;26;126%;~100884;10.0114;25.5688;NA;NA;NA;NA;NA;NA;NA;NA;NA;NA;NA;NA;NA;NA;NA;NA;NA;NA;NA;NA;NA;NA;NA;NA;NA;NA;NA;NA;NA;NA;NA;NA;NA
61;FIELD;semihonest;shamir;3;NA;NA;NA;NA;NA;NA;NA;NA;NA;NA;NA;NA;NA;150;10000;100;0.970647;1.05;14;124%;~1687;0.085708;0.21878;NA;NA;NA;NA;NA;NA;NA;NA;NA;NA;NA;NA;NA;NA;NA;NA;NA;NA;NA;NA;NA;NA;NA;NA;NA;NA;NA;NA;NA;NA;NA;NA;NA
61;FIELD;semihonest;shamir;3;NA;NA;NA;NA;NA;NA;NA;NA;NA;NA;NA;NA;NA;150;10000;10000;57.7165;57.80;29;125%;~100884;10.0114;25.5688;NA;NA;NA;NA;NA;NA;NA;NA;NA;NA;NA;NA;NA;NA;NA;NA;NA;NA;NA;NA;NA;NA;NA;NA;NA;NA;NA;NA;NA;NA;NA;NA;NA
61;FIELD;semihonest;shamir;3;NA;NA;NA;NA;NA;NA;NA;NA;NA;NA;NA;NA;NA;150;1000;100;0.965973;1.04;14;135%;~1687;0.085708;0.21878;NA;NA;NA;NA;NA;NA;NA;NA;NA;NA;NA;NA;NA;NA;NA;NA;NA;NA;NA;NA;NA;NA;NA;NA;NA;NA;NA;NA;NA;NA;NA;NA;NA
61;FIELD;semihonest;shamir;3;NA;NA;NA;NA;NA;NA;NA;NA;NA;NA;NA;NA;NA;150;1000;10000;57.6338;57.71;28;125%;~100884;10.0114;25.5688;NA;NA;NA;NA;NA;NA;NA;NA;NA;NA;NA;NA;NA;NA;NA;NA;NA;NA;NA;NA;NA;NA;NA;NA;NA;NA;NA;NA;NA;NA;NA;NA;NA
61;FIELD;semihonest;shamir;3;NA;NA;NA;NA;NA;NA;NA;NA;NA;NA;NA;NA;NA;150;100;100;0.923088;1.00;14;124%;~1687;0.085708;0.21878;NA;NA;NA;NA;NA;NA;NA;NA;NA;NA;NA;NA;NA;NA;NA;NA;NA;NA;NA;NA;NA;NA;NA;NA;NA;NA;NA;NA;NA;NA;NA;NA;NA
61;FIELD;semihonest;shamir;3;NA;NA;NA;NA;NA;NA;NA;NA;NA;NA;NA;NA;NA;150;100;10000;58.8361;58.92;28;124%;~100884;10.0114;25.5688;NA;NA;NA;NA;NA;NA;NA;NA;NA;NA;NA;NA;NA;NA;NA;NA;NA;NA;NA;NA;NA;NA;NA;NA;NA;NA;NA;NA;NA;NA;NA;NA;NA
61;RING;malhonest;ps-rep-ring;3;1.05;48;1;NA;NA;NA;NA;NA;NA;10;213;26643;203;1;25000;100;0.514603;0.61;22;100%;~1015;1.09676;3.29029;NA;NA;NA;NA;NA;NA;NA;NA;NA;NA;NA;NA;NA;NA;NA;NA;NA;NA;NA;NA;NA;NA;NA;NA;NA;NA;NA;NA;NA;NA;NA;NA;NA
61;RING;malhonest;ps-rep-ring;3;0.93;48;1;NA;NA;NA;NA;NA;NA;10;20013;2382843;20003;1;25000;10000;44.5858;44.67;30;110%;~90165;24.9311;74.7934;NA;NA;NA;NA;NA;NA;NA;NA;NA;NA;NA;NA;NA;NA;NA;NA;NA;NA;NA;NA;NA;NA;NA;NA;NA;NA;NA;NA;NA;NA;NA;NA;NA
61;RING;malhonest;ps-rep-ring;3;NA;NA;NA;NA;NA;NA;NA;NA;NA;NA;NA;NA;NA;1;10000;100;0.50484;0.59;22;104%;~1015;1.09676;3.29029;NA;NA;NA;NA;NA;NA;NA;NA;NA;NA;NA;NA;NA;NA;NA;NA;NA;NA;NA;NA;NA;NA;NA;NA;NA;NA;NA;NA;NA;NA;NA;NA;NA
61;RING;malhonest;ps-rep-ring;3;NA;NA;NA;NA;NA;NA;NA;NA;NA;NA;NA;NA;NA;1;10000;10000;42.349;42.43;27;105%;~90165;24.9311;74.7934;NA;NA;NA;NA;NA;NA;NA;NA;NA;NA;NA;NA;NA;NA;NA;NA;NA;NA;NA;NA;NA;NA;NA;NA;NA;NA;NA;NA;NA;NA;NA;NA;NA
61;RING;malhonest;ps-rep-ring;3;NA;NA;NA;NA;NA;NA;NA;NA;NA;NA;NA;NA;NA;1;1000;100;0.50619;0.59;22;104%;~1015;1.09676;3.29029;NA;NA;NA;NA;NA;NA;NA;NA;NA;NA;NA;NA;NA;NA;NA;NA;NA;NA;NA;NA;NA;NA;NA;NA;NA;NA;NA;NA;NA;NA;NA;NA;NA
61;RING;malhonest;ps-rep-ring;3;NA;NA;NA;NA;NA;NA;NA;NA;NA;NA;NA;NA;NA;1;1000;10000;42.9238;43.01;28;106%;~90165;24.9311;74.7934;NA;NA;NA;NA;NA;NA;NA;NA;NA;NA;NA;NA;NA;NA;NA;NA;NA;NA;NA;NA;NA;NA;NA;NA;NA;NA;NA;NA;NA;NA;NA;NA;NA
61;RING;malhonest;ps-rep-ring;3;NA;NA;NA;NA;NA;NA;NA;NA;NA;NA;NA;NA;NA;1;100;100;0.57106;0.65;24;100%;~1015;1.09676;3.29029;NA;NA;NA;NA;NA;NA;NA;NA;NA;NA;NA;NA;NA;NA;NA;NA;NA;NA;NA;NA;NA;NA;NA;NA;NA;NA;NA;NA;NA;NA;NA;NA;NA
61;RING;malhonest;ps-rep-ring;3;NA;NA;NA;NA;NA;NA;NA;NA;NA;NA;NA;NA;NA;1;100;10000;43.3502;43.44;29;111%;~90165;24.9311;74.7934;NA;NA;NA;NA;NA;NA;NA;NA;NA;NA;NA;NA;NA;NA;NA;NA;NA;NA;NA;NA;NA;NA;NA;NA;NA;NA;NA;NA;NA;NA;NA;NA;NA
61;RING;malhonest;ps-rep-ring;3;NA;NA;NA;NA;NA;NA;NA;NA;NA;NA;NA;NA;NA;30;25000;100;0.482208;0.56;22;101%;~1015;1.09676;3.29029;NA;NA;NA;NA;NA;NA;NA;NA;NA;NA;NA;NA;NA;NA;NA;NA;NA;NA;NA;NA;NA;NA;NA;NA;NA;NA;NA;NA;NA;NA;NA;NA;NA
61;RING;malhonest;ps-rep-ring;3;NA;NA;NA;NA;NA;NA;NA;NA;NA;NA;NA;NA;NA;30;25000;10000;42.258;42.34;28;104%;~90165;24.9311;74.7934;NA;NA;NA;NA;NA;NA;NA;NA;NA;NA;NA;NA;NA;NA;NA;NA;NA;NA;NA;NA;NA;NA;NA;NA;NA;NA;NA;NA;NA;NA;NA;NA;NA
61;RING;malhonest;ps-rep-ring;3;NA;NA;NA;NA;NA;NA;NA;NA;NA;NA;NA;NA;NA;30;10000;100;0.328455;0.41;22;103%;~1015;1.09676;3.29029;NA;NA;NA;NA;NA;NA;NA;NA;NA;NA;NA;NA;NA;NA;NA;NA;NA;NA;NA;NA;NA;NA;NA;NA;NA;NA;NA;NA;NA;NA;NA;NA;NA
61;RING;malhonest;ps-rep-ring;3;NA;NA;NA;NA;NA;NA;NA;NA;NA;NA;NA;NA;NA;30;10000;10000;42.2927;42.38;27;112%;~90165;24.9311;74.7934;NA;NA;NA;NA;NA;NA;NA;NA;NA;NA;NA;NA;NA;NA;NA;NA;NA;NA;NA;NA;NA;NA;NA;NA;NA;NA;NA;NA;NA;NA;NA;NA;NA
61;RING;malhonest;ps-rep-ring;3;NA;NA;NA;NA;NA;NA;NA;NA;NA;NA;NA;NA;NA;30;1000;100;0.530146;0.60;22;104%;~1015;1.09676;3.29029;NA;NA;NA;NA;NA;NA;NA;NA;NA;NA;NA;NA;NA;NA;NA;NA;NA;NA;NA;NA;NA;NA;NA;NA;NA;NA;NA;NA;NA;NA;NA;NA;NA
61;RING;malhonest;ps-rep-ring;3;NA;NA;NA;NA;NA;NA;NA;NA;NA;NA;NA;NA;NA;30;1000;10000;43.4681;43.56;27;106%;~90165;24.9311;74.7934;NA;NA;NA;NA;NA;NA;NA;NA;NA;NA;NA;NA;NA;NA;NA;NA;NA;NA;NA;NA;NA;NA;NA;NA;NA;NA;NA;NA;NA;NA;NA;NA;NA
61;RING;malhonest;ps-rep-ring;3;NA;NA;NA;NA;NA;NA;NA;NA;NA;NA;NA;NA;NA;30;100;100;0.487327;0.57;20;76%;~1015;1.09676;3.29029;NA;NA;NA;NA;NA;NA;NA;NA;NA;NA;NA;NA;NA;NA;NA;NA;NA;NA;NA;NA;NA;NA;NA;NA;NA;NA;NA;NA;NA;NA;NA;NA;NA
61;RING;malhonest;ps-rep-ring;3;NA;NA;NA;NA;NA;NA;NA;NA;NA;NA;NA;NA;NA;30;100;10000;40.328;40.42;26;111%;~90165;24.9311;74.7934;NA;NA;NA;NA;NA;NA;NA;NA;NA;NA;NA;NA;NA;NA;NA;NA;NA;NA;NA;NA;NA;NA;NA;NA;NA;NA;NA;NA;NA;NA;NA;NA;NA
61;RING;malhonest;ps-rep-ring;3;NA;NA;NA;NA;NA;NA;NA;NA;NA;NA;NA;NA;NA;100;25000;100;0.499634;0.58;22;99%;~1015;1.09676;3.29029;NA;NA;NA;NA;NA;NA;NA;NA;NA;NA;NA;NA;NA;NA;NA;NA;NA;NA;NA;NA;NA;NA;NA;NA;NA;NA;NA;NA;NA;NA;NA;NA;NA
61;RING;malhonest;ps-rep-ring;3;NA;NA;NA;NA;NA;NA;NA;NA;NA;NA;NA;NA;NA;100;25000;10000;44.3603;44.44;28;111%;~90165;24.9311;74.7934;NA;NA;NA;NA;NA;NA;NA;NA;NA;NA;NA;NA;NA;NA;NA;NA;NA;NA;NA;NA;NA;NA;NA;NA;NA;NA;NA;NA;NA;NA;NA;NA;NA
61;RING;malhonest;ps-rep-ring;3;NA;NA;NA;NA;NA;NA;NA;NA;NA;NA;NA;NA;NA;100;10000;100;0.502162;0.58;24;101%;~1015;1.09676;3.29029;NA;NA;NA;NA;NA;NA;NA;NA;NA;NA;NA;NA;NA;NA;NA;NA;NA;NA;NA;NA;NA;NA;NA;NA;NA;NA;NA;NA;NA;NA;NA;NA;NA
61;RING;malhonest;ps-rep-ring;3;NA;NA;NA;NA;NA;NA;NA;NA;NA;NA;NA;NA;NA;100;10000;10000;44.4391;44.52;30;110%;~90165;24.9311;74.7934;NA;NA;NA;NA;NA;NA;NA;NA;NA;NA;NA;NA;NA;NA;NA;NA;NA;NA;NA;NA;NA;NA;NA;NA;NA;NA;NA;NA;NA;NA;NA;NA;NA
61;RING;malhonest;ps-rep-ring;3;NA;NA;NA;NA;NA;NA;NA;NA;NA;NA;NA;NA;NA;100;1000;100;0.527368;0.61;24;103%;~1015;1.09676;3.29029;NA;NA;NA;NA;NA;NA;NA;NA;NA;NA;NA;NA;NA;NA;NA;NA;NA;NA;NA;NA;NA;NA;NA;NA;NA;NA;NA;NA;NA;NA;NA;NA;NA
61;RING;malhonest;ps-rep-ring;3;NA;NA;NA;NA;NA;NA;NA;NA;NA;NA;NA;NA;NA;100;1000;10000;44.251;44.34;27;106%;~90165;24.9311;74.7934;NA;NA;NA;NA;NA;NA;NA;NA;NA;NA;NA;NA;NA;NA;NA;NA;NA;NA;NA;NA;NA;NA;NA;NA;NA;NA;NA;NA;NA;NA;NA;NA;NA
61;RING;malhonest;ps-rep-ring;3;NA;NA;NA;NA;NA;NA;NA;NA;NA;NA;NA;NA;NA;100;100;100;0.53115;0.61;22;99%;~1015;1.09676;3.29029;NA;NA;NA;NA;NA;NA;NA;NA;NA;NA;NA;NA;NA;NA;NA;NA;NA;NA;NA;NA;NA;NA;NA;NA;NA;NA;NA;NA;NA;NA;NA;NA;NA
61;RING;malhonest;ps-rep-ring;3;NA;NA;NA;NA;NA;NA;NA;NA;NA;NA;NA;NA;NA;100;100;10000;43.3712;43.46;28;107%;~90165;24.9311;74.7934;NA;NA;NA;NA;NA;NA;NA;NA;NA;NA;NA;NA;NA;NA;NA;NA;NA;NA;NA;NA;NA;NA;NA;NA;NA;NA;NA;NA;NA;NA;NA;NA;NA
61;RING;malhonest;ps-rep-ring;3;NA;NA;NA;NA;NA;NA;NA;NA;NA;NA;NA;NA;NA;150;25000;100;0.486288;0.56;22;101%;~1015;1.09676;3.29029;NA;NA;NA;NA;NA;NA;NA;NA;NA;NA;NA;NA;NA;NA;NA;NA;NA;NA;NA;NA;NA;NA;NA;NA;NA;NA;NA;NA;NA;NA;NA;NA;NA
61;RING;malhonest;ps-rep-ring;3;NA;NA;NA;NA;NA;NA;NA;NA;NA;NA;NA;NA;NA;150;25000;10000;43.7489;43.83;29;109%;~90165;24.9311;74.7934;NA;NA;NA;NA;NA;NA;NA;NA;NA;NA;NA;NA;NA;NA;NA;NA;NA;NA;NA;NA;NA;NA;NA;NA;NA;NA;NA;NA;NA;NA;NA;NA;NA
61;RING;malhonest;ps-rep-ring;3;NA;NA;NA;NA;NA;NA;NA;NA;NA;NA;NA;NA;NA;150;10000;100;0.466149;0.55;22;105%;~1015;1.09676;3.29029;NA;NA;NA;NA;NA;NA;NA;NA;NA;NA;NA;NA;NA;NA;NA;NA;NA;NA;NA;NA;NA;NA;NA;NA;NA;NA;NA;NA;NA;NA;NA;NA;NA
61;RING;malhonest;ps-rep-ring;3;NA;NA;NA;NA;NA;NA;NA;NA;NA;NA;NA;NA;NA;150;10000;10000;43.5523;43.63;28;109%;~90165;24.9311;74.7934;NA;NA;NA;NA;NA;NA;NA;NA;NA;NA;NA;NA;NA;NA;NA;NA;NA;NA;NA;NA;NA;NA;NA;NA;NA;NA;NA;NA;NA;NA;NA;NA;NA
61;RING;malhonest;ps-rep-ring;3;NA;NA;NA;NA;NA;NA;NA;NA;NA;NA;NA;NA;NA;150;1000;100;0.379041;0.46;22;81%;~1015;1.09676;3.29029;NA;NA;NA;NA;NA;NA;NA;NA;NA;NA;NA;NA;NA;NA;NA;NA;NA;NA;NA;NA;NA;NA;NA;NA;NA;NA;NA;NA;NA;NA;NA;NA;NA
61;RING;malhonest;ps-rep-ring;3;NA;NA;NA;NA;NA;NA;NA;NA;NA;NA;NA;NA;NA;150;1000;10000;34.7004;34.78;27;108%;~90165;24.9311;74.7934;NA;NA;NA;NA;NA;NA;NA;NA;NA;NA;NA;NA;NA;NA;NA;NA;NA;NA;NA;NA;NA;NA;NA;NA;NA;NA;NA;NA;NA;NA;NA;NA;NA
61;RING;malhonest;ps-rep-ring;3;NA;NA;NA;NA;NA;NA;NA;NA;NA;NA;NA;NA;NA;150;100;100;0.531118;0.61;24;97%;~1015;1.09676;3.29029;NA;NA;NA;NA;NA;NA;NA;NA;NA;NA;NA;NA;NA;NA;NA;NA;NA;NA;NA;NA;NA;NA;NA;NA;NA;NA;NA;NA;NA;NA;NA;NA;NA
61;RING;malhonest;ps-rep-ring;3;NA;NA;NA;NA;NA;NA;NA;NA;NA;NA;NA;NA;NA;150;100;10000;44.7987;44.88;29;110%;~90165;24.9311;74.7934;NA;NA;NA;NA;NA;NA;NA;NA;NA;NA;NA;NA;NA;NA;NA;NA;NA;NA;NA;NA;NA;NA;NA;NA;NA;NA;NA;NA;NA;NA;NA;NA;NA
61;RING;semihonest;replicated-ring;3;1.05;48;1;NA;NA;NA;NA;NA;NA;10;213;26643;203;1;25000;100;0.418892;0.50;13;87%;~854;0.01755;0.05265;NA;NA;NA;NA;NA;NA;NA;NA;NA;NA;NA;NA;NA;NA;NA;NA;NA;NA;NA;NA;NA;NA;NA;NA;NA;NA;NA;NA;NA;NA;NA;NA;NA
61;RING;semihonest;replicated-ring;3;0.93;48;1;NA;NA;NA;NA;NA;NA;10;20013;2382843;20003;1;25000;10000;37.5027;37.58;15;91%;~80062;1.59251;4.77754;NA;NA;NA;NA;NA;NA;NA;NA;NA;NA;NA;NA;NA;NA;NA;NA;NA;NA;NA;NA;NA;NA;NA;NA;NA;NA;NA;NA;NA;NA;NA;NA;NA
61;RING;semihonest;replicated-ring;3;NA;NA;NA;NA;NA;NA;NA;NA;NA;NA;NA;NA;NA;1;10000;100;0.386538;0.46;14;88%;~854;0.01755;0.05265;NA;NA;NA;NA;NA;NA;NA;NA;NA;NA;NA;NA;NA;NA;NA;NA;NA;NA;NA;NA;NA;NA;NA;NA;NA;NA;NA;NA;NA;NA;NA;NA;NA
61;RING;semihonest;replicated-ring;3;NA;NA;NA;NA;NA;NA;NA;NA;NA;NA;NA;NA;NA;1;10000;10000;37.2223;37.30;15;104%;~80062;1.59251;4.77754;NA;NA;NA;NA;NA;NA;NA;NA;NA;NA;NA;NA;NA;NA;NA;NA;NA;NA;NA;NA;NA;NA;NA;NA;NA;NA;NA;NA;NA;NA;NA;NA;NA
61;RING;semihonest;replicated-ring;3;NA;NA;NA;NA;NA;NA;NA;NA;NA;NA;NA;NA;NA;1;1000;100;0.401581;0.49;16;85%;~854;0.01755;0.05265;NA;NA;NA;NA;NA;NA;NA;NA;NA;NA;NA;NA;NA;NA;NA;NA;NA;NA;NA;NA;NA;NA;NA;NA;NA;NA;NA;NA;NA;NA;NA;NA;NA
61;RING;semihonest;replicated-ring;3;NA;NA;NA;NA;NA;NA;NA;NA;NA;NA;NA;NA;NA;1;1000;10000;37.5347;37.62;17;91%;~80062;1.59251;4.77754;NA;NA;NA;NA;NA;NA;NA;NA;NA;NA;NA;NA;NA;NA;NA;NA;NA;NA;NA;NA;NA;NA;NA;NA;NA;NA;NA;NA;NA;NA;NA;NA;NA
61;RING;semihonest;replicated-ring;3;NA;NA;NA;NA;NA;NA;NA;NA;NA;NA;NA;NA;NA;1;100;100;0.377456;0.45;14;91%;~854;0.01755;0.05265;NA;NA;NA;NA;NA;NA;NA;NA;NA;NA;NA;NA;NA;NA;NA;NA;NA;NA;NA;NA;NA;NA;NA;NA;NA;NA;NA;NA;NA;NA;NA;NA;NA
61;RING;semihonest;replicated-ring;3;NA;NA;NA;NA;NA;NA;NA;NA;NA;NA;NA;NA;NA;1;100;10000;37.4351;37.51;15;91%;~80062;1.59251;4.77754;NA;NA;NA;NA;NA;NA;NA;NA;NA;NA;NA;NA;NA;NA;NA;NA;NA;NA;NA;NA;NA;NA;NA;NA;NA;NA;NA;NA;NA;NA;NA;NA;NA
61;RING;semihonest;replicated-ring;3;NA;NA;NA;NA;NA;NA;NA;NA;NA;NA;NA;NA;NA;30;25000;100;0.19403;0.27;14;56%;~854;0.01755;0.05265;NA;NA;NA;NA;NA;NA;NA;NA;NA;NA;NA;NA;NA;NA;NA;NA;NA;NA;NA;NA;NA;NA;NA;NA;NA;NA;NA;NA;NA;NA;NA;NA;NA
61;RING;semihonest;replicated-ring;3;NA;NA;NA;NA;NA;NA;NA;NA;NA;NA;NA;NA;NA;30;25000;10000;38.0125;38.09;13;98%;~80062;1.59251;4.77754;NA;NA;NA;NA;NA;NA;NA;NA;NA;NA;NA;NA;NA;NA;NA;NA;NA;NA;NA;NA;NA;NA;NA;NA;NA;NA;NA;NA;NA;NA;NA;NA;NA
61;RING;semihonest;replicated-ring;3;NA;NA;NA;NA;NA;NA;NA;NA;NA;NA;NA;NA;NA;30;10000;100;0.367778;0.44;16;93%;~854;0.01755;0.05265;NA;NA;NA;NA;NA;NA;NA;NA;NA;NA;NA;NA;NA;NA;NA;NA;NA;NA;NA;NA;NA;NA;NA;NA;NA;NA;NA;NA;NA;NA;NA;NA;NA
61;RING;semihonest;replicated-ring;3;NA;NA;NA;NA;NA;NA;NA;NA;NA;NA;NA;NA;NA;30;10000;10000;37.1918;37.27;15;86%;~80062;1.59251;4.77754;NA;NA;NA;NA;NA;NA;NA;NA;NA;NA;NA;NA;NA;NA;NA;NA;NA;NA;NA;NA;NA;NA;NA;NA;NA;NA;NA;NA;NA;NA;NA;NA;NA
61;RING;semihonest;replicated-ring;3;NA;NA;NA;NA;NA;NA;NA;NA;NA;NA;NA;NA;NA;30;1000;100;0.383218;0.46;16;93%;~854;0.01755;0.05265;NA;NA;NA;NA;NA;NA;NA;NA;NA;NA;NA;NA;NA;NA;NA;NA;NA;NA;NA;NA;NA;NA;NA;NA;NA;NA;NA;NA;NA;NA;NA;NA;NA
61;RING;semihonest;replicated-ring;3;NA;NA;NA;NA;NA;NA;NA;NA;NA;NA;NA;NA;NA;30;1000;10000;36.6561;36.73;15;97%;~80062;1.59251;4.77754;NA;NA;NA;NA;NA;NA;NA;NA;NA;NA;NA;NA;NA;NA;NA;NA;NA;NA;NA;NA;NA;NA;NA;NA;NA;NA;NA;NA;NA;NA;NA;NA;NA
61;RING;semihonest;replicated-ring;3;NA;NA;NA;NA;NA;NA;NA;NA;NA;NA;NA;NA;NA;30;100;100;0.382375;0.46;16;86%;~854;0.01755;0.05265;NA;NA;NA;NA;NA;NA;NA;NA;NA;NA;NA;NA;NA;NA;NA;NA;NA;NA;NA;NA;NA;NA;NA;NA;NA;NA;NA;NA;NA;NA;NA;NA;NA
61;RING;semihonest;replicated-ring;3;NA;NA;NA;NA;NA;NA;NA;NA;NA;NA;NA;NA;NA;30;100;10000;36.6437;36.73;15;101%;~80062;1.59251;4.77754;NA;NA;NA;NA;NA;NA;NA;NA;NA;NA;NA;NA;NA;NA;NA;NA;NA;NA;NA;NA;NA;NA;NA;NA;NA;NA;NA;NA;NA;NA;NA;NA;NA
61;RING;semihonest;replicated-ring;3;NA;NA;NA;NA;NA;NA;NA;NA;NA;NA;NA;NA;NA;100;25000;100;0.33628;0.41;14;94%;~854;0.01755;0.05265;NA;NA;NA;NA;NA;NA;NA;NA;NA;NA;NA;NA;NA;NA;NA;NA;NA;NA;NA;NA;NA;NA;NA;NA;NA;NA;NA;NA;NA;NA;NA;NA;NA
61;RING;semihonest;replicated-ring;3;NA;NA;NA;NA;NA;NA;NA;NA;NA;NA;NA;NA;NA;100;25000;10000;38.4155;38.49;15;98%;~80062;1.59251;4.77754;NA;NA;NA;NA;NA;NA;NA;NA;NA;NA;NA;NA;NA;NA;NA;NA;NA;NA;NA;NA;NA;NA;NA;NA;NA;NA;NA;NA;NA;NA;NA;NA;NA
61;RING;semihonest;replicated-ring;3;NA;NA;NA;NA;NA;NA;NA;NA;NA;NA;NA;NA;NA;100;10000;100;0.384521;0.46;14;94%;~854;0.01755;0.05265;NA;NA;NA;NA;NA;NA;NA;NA;NA;NA;NA;NA;NA;NA;NA;NA;NA;NA;NA;NA;NA;NA;NA;NA;NA;NA;NA;NA;NA;NA;NA;NA;NA
61;RING;semihonest;replicated-ring;3;NA;NA;NA;NA;NA;NA;NA;NA;NA;NA;NA;NA;NA;100;10000;10000;36.0519;36.13;17;94%;~80062;1.59251;4.77754;NA;NA;NA;NA;NA;NA;NA;NA;NA;NA;NA;NA;NA;NA;NA;NA;NA;NA;NA;NA;NA;NA;NA;NA;NA;NA;NA;NA;NA;NA;NA;NA;NA
61;RING;semihonest;replicated-ring;3;NA;NA;NA;NA;NA;NA;NA;NA;NA;NA;NA;NA;NA;100;1000;100;0.32717;0.41;14;90%;~854;0.01755;0.05265;NA;NA;NA;NA;NA;NA;NA;NA;NA;NA;NA;NA;NA;NA;NA;NA;NA;NA;NA;NA;NA;NA;NA;NA;NA;NA;NA;NA;NA;NA;NA;NA;NA
61;RING;semihonest;replicated-ring;3;NA;NA;NA;NA;NA;NA;NA;NA;NA;NA;NA;NA;NA;100;1000;10000;37.5385;37.62;15;96%;~80062;1.59251;4.77754;NA;NA;NA;NA;NA;NA;NA;NA;NA;NA;NA;NA;NA;NA;NA;NA;NA;NA;NA;NA;NA;NA;NA;NA;NA;NA;NA;NA;NA;NA;NA;NA;NA
61;RING;semihonest;replicated-ring;3;NA;NA;NA;NA;NA;NA;NA;NA;NA;NA;NA;NA;NA;100;100;100;0.393348;0.48;14;89%;~854;0.01755;0.05265;NA;NA;NA;NA;NA;NA;NA;NA;NA;NA;NA;NA;NA;NA;NA;NA;NA;NA;NA;NA;NA;NA;NA;NA;NA;NA;NA;NA;NA;NA;NA;NA;NA
61;RING;semihonest;replicated-ring;3;NA;NA;NA;NA;NA;NA;NA;NA;NA;NA;NA;NA;NA;100;100;10000;38.2804;38.36;15;96%;~80062;1.59251;4.77754;NA;NA;NA;NA;NA;NA;NA;NA;NA;NA;NA;NA;NA;NA;NA;NA;NA;NA;NA;NA;NA;NA;NA;NA;NA;NA;NA;NA;NA;NA;NA;NA;NA
61;RING;semihonest;replicated-ring;3;NA;NA;NA;NA;NA;NA;NA;NA;NA;NA;NA;NA;NA;150;25000;100;0.384263;0.46;18;90%;~854;0.01755;0.05265;NA;NA;NA;NA;NA;NA;NA;NA;NA;NA;NA;NA;NA;NA;NA;NA;NA;NA;NA;NA;NA;NA;NA;NA;NA;NA;NA;NA;NA;NA;NA;NA;NA
61;RING;semihonest;replicated-ring;3;NA;NA;NA;NA;NA;NA;NA;NA;NA;NA;NA;NA;NA;150;25000;10000;36.6994;36.78;15;95%;~80062;1.59251;4.77754;NA;NA;NA;NA;NA;NA;NA;NA;NA;NA;NA;NA;NA;NA;NA;NA;NA;NA;NA;NA;NA;NA;NA;NA;NA;NA;NA;NA;NA;NA;NA;NA;NA
61;RING;semihonest;replicated-ring;3;NA;NA;NA;NA;NA;NA;NA;NA;NA;NA;NA;NA;NA;150;10000;100;0.398003;0.49;14;87%;~854;0.01755;0.05265;NA;NA;NA;NA;NA;NA;NA;NA;NA;NA;NA;NA;NA;NA;NA;NA;NA;NA;NA;NA;NA;NA;NA;NA;NA;NA;NA;NA;NA;NA;NA;NA;NA
61;RING;semihonest;replicated-ring;3;NA;NA;NA;NA;NA;NA;NA;NA;NA;NA;NA;NA;NA;150;10000;10000;36.7376;36.83;21;94%;~80062;1.59251;4.77754;NA;NA;NA;NA;NA;NA;NA;NA;NA;NA;NA;NA;NA;NA;NA;NA;NA;NA;NA;NA;NA;NA;NA;NA;NA;NA;NA;NA;NA;NA;NA;NA;NA
61;RING;semihonest;replicated-ring;3;NA;NA;NA;NA;NA;NA;NA;NA;NA;NA;NA;NA;NA;150;1000;100;0.163126;0.24;14;51%;~854;0.01755;0.05265;NA;NA;NA;NA;NA;NA;NA;NA;NA;NA;NA;NA;NA;NA;NA;NA;NA;NA;NA;NA;NA;NA;NA;NA;NA;NA;NA;NA;NA;NA;NA;NA;NA
61;RING;semihonest;replicated-ring;3;NA;NA;NA;NA;NA;NA;NA;NA;NA;NA;NA;NA;NA;150;1000;10000;37.0097;37.09;17;98%;~80062;1.59251;4.77754;NA;NA;NA;NA;NA;NA;NA;NA;NA;NA;NA;NA;NA;NA;NA;NA;NA;NA;NA;NA;NA;NA;NA;NA;NA;NA;NA;NA;NA;NA;NA;NA;NA
61;RING;semihonest;replicated-ring;3;NA;NA;NA;NA;NA;NA;NA;NA;NA;NA;NA;NA;NA;150;100;100;0.381245;0.45;14;87%;~854;0.01755;0.05265;NA;NA;NA;NA;NA;NA;NA;NA;NA;NA;NA;NA;NA;NA;NA;NA;NA;NA;NA;NA;NA;NA;NA;NA;NA;NA;NA;NA;NA;NA;NA;NA;NA
61;RING;semihonest;replicated-ring;3;NA;NA;NA;NA;NA;NA;NA;NA;NA;NA;NA;NA;NA;150;100;10000;38.2015;38.28;15;97%;~80062;1.59251;4.77754;NA;NA;NA;NA;NA;NA;NA;NA;NA;NA;NA;NA;NA;NA;NA;NA;NA;NA;NA;NA;NA;NA;NA;NA;NA;NA;NA;NA;NA;NA;NA;NA;NA
