program;c.domain;adv.model;protocol;partysize;comp.time(s);comp.peakRAM(MiB);bin.filesize(MiB);comp.P0intin;comp.P1intin;comp.P2intin;comp.P0bitin;comp.P1bitin;compP2bitin;comp.intbits;comp.inttriples;comp.bittriples;comp.vmrounds;latencies(ms);bandwidths(Mbs);input_size;input2_size;packetdrops(%);runtime_internal(s);runtime_external(s);peakRAM(MiB);jobCPU(%);P0commRounds;P0dataSent(MB);ALLdataSent(MB);System time (s);Tx(MB);Tx(rounds);Tx(s);Rx(MB);Rx(rounds);Rx(s);Brcasting(MB);Brcasting(rounds);Brcasting(s);TxRx(MB);TxRx(rounds);TxRx(s);Passing(MB);Passing(rounds);Passing(s);Part.Brcasting(MB);Part.Brcasting(rounds);Part.Brcasting(s);Ex(MB);Ex(rounds);Ex(s);Ex1to1(MB);Ex1to1(rounds);Ex1to1(s);Rx1to1(MB);Rx1to1(rounds);Rx1to1(s);Tx1to1(MB);Tx1to1(rounds);Tx1to1(s);Txtoall(MB);Txtoall(rounds);Txtoall(s)
64;RING;semihonest;replicated-ring;3;1.10;38;1;NA;NA;NA;NA;NA;NA;121810;480005;30129840;33940;0;25000;300;5;0;3.76793;3.99;180;932%;~167668;26.5318;79.5953;NA;NA;NA;NA;NA;NA;NA;NA;NA;NA;NA;NA;NA;NA;NA;NA;NA;NA;NA;NA;NA;NA;NA;NA;NA;NA;NA;NA;NA;NA;NA;NA;NA
64;RING;semihonest;replicated-ring;3;NA;NA;NA;NA;NA;NA;NA;NA;NA;NA;NA;NA;NA;0;25000;300;5;0;4.00456;4.26;182;908%;~167668;26.5318;79.5953;NA;NA;NA;NA;NA;NA;NA;NA;NA;NA;NA;NA;NA;NA;NA;NA;NA;NA;NA;NA;NA;NA;NA;NA;NA;NA;NA;NA;NA;NA;NA;NA;NA
64;RING;semihonest;replicated-ring;3;NA;NA;NA;NA;NA;NA;NA;NA;NA;NA;NA;NA;NA;0;25000;300;5;0;4.10204;4.33;179;894%;~167668;26.5318;79.5953;NA;NA;NA;NA;NA;NA;NA;NA;NA;NA;NA;NA;NA;NA;NA;NA;NA;NA;NA;NA;NA;NA;NA;NA;NA;NA;NA;NA;NA;NA;NA;NA;NA
64;RING;semihonest;replicated-ring;3;NA;NA;NA;NA;NA;NA;NA;NA;NA;NA;NA;NA;NA;0;25000;300;5;0;3.86113;4.05;182;933%;~167668;26.5318;79.5953;NA;NA;NA;NA;NA;NA;NA;NA;NA;NA;NA;NA;NA;NA;NA;NA;NA;NA;NA;NA;NA;NA;NA;NA;NA;NA;NA;NA;NA;NA;NA;NA;NA
64;RING;semihonest;replicated-ring;3;NA;NA;NA;NA;NA;NA;NA;NA;NA;NA;NA;NA;NA;0;25000;300;5;0;4.11554;4.32;180;903%;~167668;26.5318;79.5953;NA;NA;NA;NA;NA;NA;NA;NA;NA;NA;NA;NA;NA;NA;NA;NA;NA;NA;NA;NA;NA;NA;NA;NA;NA;NA;NA;NA;NA;NA;NA;NA;NA
64;RING;semihonest;replicated-ring;3;NA;NA;NA;NA;NA;NA;NA;NA;NA;NA;NA;NA;NA;0;25000;300;5;0;4.1695;4.39;184;885%;~167668;26.5318;79.5953;NA;NA;NA;NA;NA;NA;NA;NA;NA;NA;NA;NA;NA;NA;NA;NA;NA;NA;NA;NA;NA;NA;NA;NA;NA;NA;NA;NA;NA;NA;NA;NA;NA
64;RING;semihonest;replicated-ring;3;NA;NA;NA;NA;NA;NA;NA;NA;NA;NA;NA;NA;NA;0;25000;300;5;0;3.9449;4.16;180;923%;~167668;26.5318;79.5953;NA;NA;NA;NA;NA;NA;NA;NA;NA;NA;NA;NA;NA;NA;NA;NA;NA;NA;NA;NA;NA;NA;NA;NA;NA;NA;NA;NA;NA;NA;NA;NA;NA
64;RING;semihonest;replicated-ring;3;NA;NA;NA;NA;NA;NA;NA;NA;NA;NA;NA;NA;NA;0;25000;300;5;0;4.09824;4.35;182;891%;~167668;26.5318;79.5953;NA;NA;NA;NA;NA;NA;NA;NA;NA;NA;NA;NA;NA;NA;NA;NA;NA;NA;NA;NA;NA;NA;NA;NA;NA;NA;NA;NA;NA;NA;NA;NA;NA
64;RING;semihonest;replicated-ring;3;NA;NA;NA;NA;NA;NA;NA;NA;NA;NA;NA;NA;NA;0;25000;300;5;0;3.84921;4.04;178;935%;~167668;26.5318;79.5953;NA;NA;NA;NA;NA;NA;NA;NA;NA;NA;NA;NA;NA;NA;NA;NA;NA;NA;NA;NA;NA;NA;NA;NA;NA;NA;NA;NA;NA;NA;NA;NA;NA
64;RING;semihonest;replicated-ring;3;NA;NA;NA;NA;NA;NA;NA;NA;NA;NA;NA;NA;NA;0;25000;300;5;0;3.96105;4.19;182;918%;~167668;26.5318;79.5953;NA;NA;NA;NA;NA;NA;NA;NA;NA;NA;NA;NA;NA;NA;NA;NA;NA;NA;NA;NA;NA;NA;NA;NA;NA;NA;NA;NA;NA;NA;NA;NA;NA
64;RING;semihonest;replicated-ring;3;NA;NA;NA;NA;NA;NA;NA;NA;NA;NA;NA;NA;NA;0;25000;300;5;1;93.6339;95.02;184;54%;~167668;26.5318;79.5953;NA;NA;NA;NA;NA;NA;NA;NA;NA;NA;NA;NA;NA;NA;NA;NA;NA;NA;NA;NA;NA;NA;NA;NA;NA;NA;NA;NA;NA;NA;NA;NA;NA
64;RING;semihonest;replicated-ring;3;NA;NA;NA;NA;NA;NA;NA;NA;NA;NA;NA;NA;NA;0;25000;300;5;1;96.9342;98.31;183;52%;~167668;26.5318;79.5953;NA;NA;NA;NA;NA;NA;NA;NA;NA;NA;NA;NA;NA;NA;NA;NA;NA;NA;NA;NA;NA;NA;NA;NA;NA;NA;NA;NA;NA;NA;NA;NA;NA
64;RING;semihonest;replicated-ring;3;NA;NA;NA;NA;NA;NA;NA;NA;NA;NA;NA;NA;NA;0;25000;300;5;1;96.9417;99.17;182;52%;~167668;26.5318;79.5953;NA;NA;NA;NA;NA;NA;NA;NA;NA;NA;NA;NA;NA;NA;NA;NA;NA;NA;NA;NA;NA;NA;NA;NA;NA;NA;NA;NA;NA;NA;NA;NA;NA
64;RING;semihonest;replicated-ring;3;NA;NA;NA;NA;NA;NA;NA;NA;NA;NA;NA;NA;NA;0;25000;300;5;1;90.4406;92.00;184;55%;~167668;26.5318;79.5953;NA;NA;NA;NA;NA;NA;NA;NA;NA;NA;NA;NA;NA;NA;NA;NA;NA;NA;NA;NA;NA;NA;NA;NA;NA;NA;NA;NA;NA;NA;NA;NA;NA
64;RING;semihonest;replicated-ring;3;NA;NA;NA;NA;NA;NA;NA;NA;NA;NA;NA;NA;NA;0;25000;300;5;1;96.994;98.23;182;52%;~167668;26.5318;79.5953;NA;NA;NA;NA;NA;NA;NA;NA;NA;NA;NA;NA;NA;NA;NA;NA;NA;NA;NA;NA;NA;NA;NA;NA;NA;NA;NA;NA;NA;NA;NA;NA;NA
64;RING;semihonest;replicated-ring;3;NA;NA;NA;NA;NA;NA;NA;NA;NA;NA;NA;NA;NA;0;25000;300;5;1;93.08;94.65;180;54%;~167668;26.5318;79.5953;NA;NA;NA;NA;NA;NA;NA;NA;NA;NA;NA;NA;NA;NA;NA;NA;NA;NA;NA;NA;NA;NA;NA;NA;NA;NA;NA;NA;NA;NA;NA;NA;NA
64;RING;semihonest;replicated-ring;3;NA;NA;NA;NA;NA;NA;NA;NA;NA;NA;NA;NA;NA;0;25000;300;5;1;94.8539;98.09;186;52%;~167668;26.5318;79.5953;NA;NA;NA;NA;NA;NA;NA;NA;NA;NA;NA;NA;NA;NA;NA;NA;NA;NA;NA;NA;NA;NA;NA;NA;NA;NA;NA;NA;NA;NA;NA;NA;NA
64;RING;semihonest;replicated-ring;3;NA;NA;NA;NA;NA;NA;NA;NA;NA;NA;NA;NA;NA;0;25000;300;5;1;95.73;98.16;180;52%;~167668;26.5318;79.5953;NA;NA;NA;NA;NA;NA;NA;NA;NA;NA;NA;NA;NA;NA;NA;NA;NA;NA;NA;NA;NA;NA;NA;NA;NA;NA;NA;NA;NA;NA;NA;NA;NA
64;RING;semihonest;replicated-ring;3;NA;NA;NA;NA;NA;NA;NA;NA;NA;NA;NA;NA;NA;0;25000;300;5;1;96.9547;98.60;180;53%;~167668;26.5318;79.5953;NA;NA;NA;NA;NA;NA;NA;NA;NA;NA;NA;NA;NA;NA;NA;NA;NA;NA;NA;NA;NA;NA;NA;NA;NA;NA;NA;NA;NA;NA;NA;NA;NA
64;RING;semihonest;replicated-ring;3;NA;NA;NA;NA;NA;NA;NA;NA;NA;NA;NA;NA;NA;0;25000;300;5;1;94.9077;98.64;180;51%;~167668;26.5318;79.5953;NA;NA;NA;NA;NA;NA;NA;NA;NA;NA;NA;NA;NA;NA;NA;NA;NA;NA;NA;NA;NA;NA;NA;NA;NA;NA;NA;NA;NA;NA;NA;NA;NA
64;RING;semihonest;replicated-ring;3;NA;NA;NA;NA;NA;NA;NA;NA;NA;NA;NA;NA;NA;0;25000;300;5;2;146.041;147.43;175;37%;~167668;26.5318;79.5953;NA;NA;NA;NA;NA;NA;NA;NA;NA;NA;NA;NA;NA;NA;NA;NA;NA;NA;NA;NA;NA;NA;NA;NA;NA;NA;NA;NA;NA;NA;NA;NA;NA
64;RING;semihonest;replicated-ring;3;NA;NA;NA;NA;NA;NA;NA;NA;NA;NA;NA;NA;NA;0;25000;300;5;2;151.796;154.37;184;36%;~167668;26.5318;79.5953;NA;NA;NA;NA;NA;NA;NA;NA;NA;NA;NA;NA;NA;NA;NA;NA;NA;NA;NA;NA;NA;NA;NA;NA;NA;NA;NA;NA;NA;NA;NA;NA;NA
64;RING;semihonest;replicated-ring;3;NA;NA;NA;NA;NA;NA;NA;NA;NA;NA;NA;NA;NA;0;25000;300;5;2;143.309;145.13;183;38%;~167668;26.5318;79.5953;NA;NA;NA;NA;NA;NA;NA;NA;NA;NA;NA;NA;NA;NA;NA;NA;NA;NA;NA;NA;NA;NA;NA;NA;NA;NA;NA;NA;NA;NA;NA;NA;NA
64;RING;semihonest;replicated-ring;3;NA;NA;NA;NA;NA;NA;NA;NA;NA;NA;NA;NA;NA;0;25000;300;5;2;146.499;149.09;182;37%;~167668;26.5318;79.5953;NA;NA;NA;NA;NA;NA;NA;NA;NA;NA;NA;NA;NA;NA;NA;NA;NA;NA;NA;NA;NA;NA;NA;NA;NA;NA;NA;NA;NA;NA;NA;NA;NA
64;RING;semihonest;replicated-ring;3;NA;NA;NA;NA;NA;NA;NA;NA;NA;NA;NA;NA;NA;0;25000;300;5;2;143.855;149.05;184;37%;~167668;26.5318;79.5953;NA;NA;NA;NA;NA;NA;NA;NA;NA;NA;NA;NA;NA;NA;NA;NA;NA;NA;NA;NA;NA;NA;NA;NA;NA;NA;NA;NA;NA;NA;NA;NA;NA
64;RING;semihonest;replicated-ring;3;NA;NA;NA;NA;NA;NA;NA;NA;NA;NA;NA;NA;NA;0;25000;300;5;2;149.236;152.43;184;36%;~167668;26.5318;79.5953;NA;NA;NA;NA;NA;NA;NA;NA;NA;NA;NA;NA;NA;NA;NA;NA;NA;NA;NA;NA;NA;NA;NA;NA;NA;NA;NA;NA;NA;NA;NA;NA;NA
64;RING;semihonest;replicated-ring;3;NA;NA;NA;NA;NA;NA;NA;NA;NA;NA;NA;NA;NA;0;25000;300;5;2;143.985;146.18;184;37%;~167668;26.5318;79.5953;NA;NA;NA;NA;NA;NA;NA;NA;NA;NA;NA;NA;NA;NA;NA;NA;NA;NA;NA;NA;NA;NA;NA;NA;NA;NA;NA;NA;NA;NA;NA;NA;NA
64;RING;semihonest;replicated-ring;3;NA;NA;NA;NA;NA;NA;NA;NA;NA;NA;NA;NA;NA;0;25000;300;5;2;143.455;145.06;182;38%;~167668;26.5318;79.5953;NA;NA;NA;NA;NA;NA;NA;NA;NA;NA;NA;NA;NA;NA;NA;NA;NA;NA;NA;NA;NA;NA;NA;NA;NA;NA;NA;NA;NA;NA;NA;NA;NA
64;RING;semihonest;replicated-ring;3;NA;NA;NA;NA;NA;NA;NA;NA;NA;NA;NA;NA;NA;0;25000;300;5;2;147.402;148.98;176;37%;~167668;26.5318;79.5953;NA;NA;NA;NA;NA;NA;NA;NA;NA;NA;NA;NA;NA;NA;NA;NA;NA;NA;NA;NA;NA;NA;NA;NA;NA;NA;NA;NA;NA;NA;NA;NA;NA
64;RING;semihonest;replicated-ring;3;NA;NA;NA;NA;NA;NA;NA;NA;NA;NA;NA;NA;NA;0;25000;300;5;2;145.622;147.63;176;37%;~167668;26.5318;79.5953;NA;NA;NA;NA;NA;NA;NA;NA;NA;NA;NA;NA;NA;NA;NA;NA;NA;NA;NA;NA;NA;NA;NA;NA;NA;NA;NA;NA;NA;NA;NA;NA;NA
64;RING;semihonest;replicated-ring;3;NA;NA;NA;NA;NA;NA;NA;NA;NA;NA;NA;NA;NA;0;25000;300;5;5;329.945;333.15;178;21%;~167668;26.5318;79.5953;NA;NA;NA;NA;NA;NA;NA;NA;NA;NA;NA;NA;NA;NA;NA;NA;NA;NA;NA;NA;NA;NA;NA;NA;NA;NA;NA;NA;NA;NA;NA;NA;NA
64;RING;semihonest;replicated-ring;3;NA;NA;NA;NA;NA;NA;NA;NA;NA;NA;NA;NA;NA;0;25000;300;5;5;319.406;323.77;176;22%;~167668;26.5318;79.5953;NA;NA;NA;NA;NA;NA;NA;NA;NA;NA;NA;NA;NA;NA;NA;NA;NA;NA;NA;NA;NA;NA;NA;NA;NA;NA;NA;NA;NA;NA;NA;NA;NA
64;RING;semihonest;replicated-ring;3;NA;NA;NA;NA;NA;NA;NA;NA;NA;NA;NA;NA;NA;0;25000;300;5;5;334.883;341.17;178;20%;~167668;26.5318;79.5953;NA;NA;NA;NA;NA;NA;NA;NA;NA;NA;NA;NA;NA;NA;NA;NA;NA;NA;NA;NA;NA;NA;NA;NA;NA;NA;NA;NA;NA;NA;NA;NA;NA
64;RING;semihonest;replicated-ring;3;NA;NA;NA;NA;NA;NA;NA;NA;NA;NA;NA;NA;NA;0;25000;300;5;5;338.768;343.04;182;20%;~167668;26.5318;79.5953;NA;NA;NA;NA;NA;NA;NA;NA;NA;NA;NA;NA;NA;NA;NA;NA;NA;NA;NA;NA;NA;NA;NA;NA;NA;NA;NA;NA;NA;NA;NA;NA;NA
64;RING;semihonest;replicated-ring;3;NA;NA;NA;NA;NA;NA;NA;NA;NA;NA;NA;NA;NA;0;25000;300;5;5;323.408;328.19;182;21%;~167668;26.5318;79.5953;NA;NA;NA;NA;NA;NA;NA;NA;NA;NA;NA;NA;NA;NA;NA;NA;NA;NA;NA;NA;NA;NA;NA;NA;NA;NA;NA;NA;NA;NA;NA;NA;NA
64;RING;semihonest;replicated-ring;3;NA;NA;NA;NA;NA;NA;NA;NA;NA;NA;NA;NA;NA;0;25000;300;5;5;327.677;333.50;176;21%;~167668;26.5318;79.5953;NA;NA;NA;NA;NA;NA;NA;NA;NA;NA;NA;NA;NA;NA;NA;NA;NA;NA;NA;NA;NA;NA;NA;NA;NA;NA;NA;NA;NA;NA;NA;NA;NA
64;RING;semihonest;replicated-ring;3;NA;NA;NA;NA;NA;NA;NA;NA;NA;NA;NA;NA;NA;0;25000;300;5;5;342.608;348.51;178;20%;~167668;26.5318;79.5953;NA;NA;NA;NA;NA;NA;NA;NA;NA;NA;NA;NA;NA;NA;NA;NA;NA;NA;NA;NA;NA;NA;NA;NA;NA;NA;NA;NA;NA;NA;NA;NA;NA
64;RING;semihonest;replicated-ring;3;NA;NA;NA;NA;NA;NA;NA;NA;NA;NA;NA;NA;NA;0;25000;300;5;5;344.992;349.81;184;20%;~167668;26.5318;79.5953;NA;NA;NA;NA;NA;NA;NA;NA;NA;NA;NA;NA;NA;NA;NA;NA;NA;NA;NA;NA;NA;NA;NA;NA;NA;NA;NA;NA;NA;NA;NA;NA;NA
64;RING;semihonest;replicated-ring;3;NA;NA;NA;NA;NA;NA;NA;NA;NA;NA;NA;NA;NA;0;25000;300;5;5;332.501;339.22;183;21%;~167668;26.5318;79.5953;NA;NA;NA;NA;NA;NA;NA;NA;NA;NA;NA;NA;NA;NA;NA;NA;NA;NA;NA;NA;NA;NA;NA;NA;NA;NA;NA;NA;NA;NA;NA;NA;NA
64;RING;semihonest;replicated-ring;3;NA;NA;NA;NA;NA;NA;NA;NA;NA;NA;NA;NA;NA;0;25000;300;5;5;335.846;339.76;180;20%;~167668;26.5318;79.5953;NA;NA;NA;NA;NA;NA;NA;NA;NA;NA;NA;NA;NA;NA;NA;NA;NA;NA;NA;NA;NA;NA;NA;NA;NA;NA;NA;NA;NA;NA;NA;NA;NA
64;RING;semihonest;replicated-ring;3;0.98;38;1;NA;NA;NA;NA;NA;NA;121810;480005;30129840;33940;0;25000;300;5;0;3.62825;3.83;182;951%;~167668;26.5318;79.5953;NA;NA;NA;NA;NA;NA;NA;NA;NA;NA;NA;NA;NA;NA;NA;NA;NA;NA;NA;NA;NA;NA;NA;NA;NA;NA;NA;NA;NA;NA;NA;NA;NA
64;RING;semihonest;replicated-ring;3;NA;NA;NA;NA;NA;NA;NA;NA;NA;NA;NA;NA;NA;0;25000;300;5;0;3.76001;4.00;179;923%;~167668;26.5318;79.5953;NA;NA;NA;NA;NA;NA;NA;NA;NA;NA;NA;NA;NA;NA;NA;NA;NA;NA;NA;NA;NA;NA;NA;NA;NA;NA;NA;NA;NA;NA;NA;NA;NA
64;RING;semihonest;replicated-ring;3;NA;NA;NA;NA;NA;NA;NA;NA;NA;NA;NA;NA;NA;0;25000;300;5;0;3.97441;4.18;184;912%;~167668;26.5318;79.5953;NA;NA;NA;NA;NA;NA;NA;NA;NA;NA;NA;NA;NA;NA;NA;NA;NA;NA;NA;NA;NA;NA;NA;NA;NA;NA;NA;NA;NA;NA;NA;NA;NA
64;RING;semihonest;replicated-ring;3;NA;NA;NA;NA;NA;NA;NA;NA;NA;NA;NA;NA;NA;0;25000;300;5;0;3.98179;4.23;182;905%;~167668;26.5318;79.5953;NA;NA;NA;NA;NA;NA;NA;NA;NA;NA;NA;NA;NA;NA;NA;NA;NA;NA;NA;NA;NA;NA;NA;NA;NA;NA;NA;NA;NA;NA;NA;NA;NA
64;RING;semihonest;replicated-ring;3;NA;NA;NA;NA;NA;NA;NA;NA;NA;NA;NA;NA;NA;0;25000;300;5;0;3.84319;4.06;186;933%;~167668;26.5318;79.5953;NA;NA;NA;NA;NA;NA;NA;NA;NA;NA;NA;NA;NA;NA;NA;NA;NA;NA;NA;NA;NA;NA;NA;NA;NA;NA;NA;NA;NA;NA;NA;NA;NA
64;RING;semihonest;replicated-ring;3;NA;NA;NA;NA;NA;NA;NA;NA;NA;NA;NA;NA;NA;0;25000;300;5;0;3.8605;4.07;182;928%;~167668;26.5318;79.5953;NA;NA;NA;NA;NA;NA;NA;NA;NA;NA;NA;NA;NA;NA;NA;NA;NA;NA;NA;NA;NA;NA;NA;NA;NA;NA;NA;NA;NA;NA;NA;NA;NA
64;RING;semihonest;replicated-ring;3;NA;NA;NA;NA;NA;NA;NA;NA;NA;NA;NA;NA;NA;0;25000;300;5;0;4.00459;4.24;180;909%;~167668;26.5318;79.5953;NA;NA;NA;NA;NA;NA;NA;NA;NA;NA;NA;NA;NA;NA;NA;NA;NA;NA;NA;NA;NA;NA;NA;NA;NA;NA;NA;NA;NA;NA;NA;NA;NA
64;RING;semihonest;replicated-ring;3;NA;NA;NA;NA;NA;NA;NA;NA;NA;NA;NA;NA;NA;0;25000;300;5;0;3.8355;4.06;174;927%;~167668;26.5318;79.5953;NA;NA;NA;NA;NA;NA;NA;NA;NA;NA;NA;NA;NA;NA;NA;NA;NA;NA;NA;NA;NA;NA;NA;NA;NA;NA;NA;NA;NA;NA;NA;NA;NA
64;RING;semihonest;replicated-ring;3;NA;NA;NA;NA;NA;NA;NA;NA;NA;NA;NA;NA;NA;0;25000;300;5;0;4.08154;4.32;180;891%;~167668;26.5318;79.5953;NA;NA;NA;NA;NA;NA;NA;NA;NA;NA;NA;NA;NA;NA;NA;NA;NA;NA;NA;NA;NA;NA;NA;NA;NA;NA;NA;NA;NA;NA;NA;NA;NA
64;RING;semihonest;replicated-ring;3;NA;NA;NA;NA;NA;NA;NA;NA;NA;NA;NA;NA;NA;0;25000;300;5;0;3.76315;3.96;182;913%;~167668;26.5318;79.5953;NA;NA;NA;NA;NA;NA;NA;NA;NA;NA;NA;NA;NA;NA;NA;NA;NA;NA;NA;NA;NA;NA;NA;NA;NA;NA;NA;NA;NA;NA;NA;NA;NA
64;RING;semihonest;replicated-ring;3;NA;NA;NA;NA;NA;NA;NA;NA;NA;NA;NA;NA;NA;25;25000;300;5;0;266.054;268.01;178;27%;~167668;26.5318;79.5953;NA;NA;NA;NA;NA;NA;NA;NA;NA;NA;NA;NA;NA;NA;NA;NA;NA;NA;NA;NA;NA;NA;NA;NA;NA;NA;NA;NA;NA;NA;NA;NA;NA
64;RING;semihonest;replicated-ring;3;NA;NA;NA;NA;NA;NA;NA;NA;NA;NA;NA;NA;NA;25;25000;300;5;0;266.028;267.98;178;28%;~167668;26.5318;79.5953;NA;NA;NA;NA;NA;NA;NA;NA;NA;NA;NA;NA;NA;NA;NA;NA;NA;NA;NA;NA;NA;NA;NA;NA;NA;NA;NA;NA;NA;NA;NA;NA;NA
64;RING;semihonest;replicated-ring;3;NA;NA;NA;NA;NA;NA;NA;NA;NA;NA;NA;NA;NA;25;25000;300;5;0;266.072;268.04;178;27%;~167668;26.5318;79.5953;NA;NA;NA;NA;NA;NA;NA;NA;NA;NA;NA;NA;NA;NA;NA;NA;NA;NA;NA;NA;NA;NA;NA;NA;NA;NA;NA;NA;NA;NA;NA;NA;NA
64;RING;semihonest;replicated-ring;3;NA;NA;NA;NA;NA;NA;NA;NA;NA;NA;NA;NA;NA;25;25000;300;5;0;266.051;268.01;182;28%;~167668;26.5318;79.5953;NA;NA;NA;NA;NA;NA;NA;NA;NA;NA;NA;NA;NA;NA;NA;NA;NA;NA;NA;NA;NA;NA;NA;NA;NA;NA;NA;NA;NA;NA;NA;NA;NA
64;RING;semihonest;replicated-ring;3;NA;NA;NA;NA;NA;NA;NA;NA;NA;NA;NA;NA;NA;25;25000;300;5;0;266.025;267.99;176;28%;~167668;26.5318;79.5953;NA;NA;NA;NA;NA;NA;NA;NA;NA;NA;NA;NA;NA;NA;NA;NA;NA;NA;NA;NA;NA;NA;NA;NA;NA;NA;NA;NA;NA;NA;NA;NA;NA
64;RING;semihonest;replicated-ring;3;NA;NA;NA;NA;NA;NA;NA;NA;NA;NA;NA;NA;NA;25;25000;300;5;0;266.037;268.00;177;28%;~167668;26.5318;79.5953;NA;NA;NA;NA;NA;NA;NA;NA;NA;NA;NA;NA;NA;NA;NA;NA;NA;NA;NA;NA;NA;NA;NA;NA;NA;NA;NA;NA;NA;NA;NA;NA;NA
64;RING;semihonest;replicated-ring;3;NA;NA;NA;NA;NA;NA;NA;NA;NA;NA;NA;NA;NA;25;25000;300;5;0;266.063;268.03;182;27%;~167668;26.5318;79.5953;NA;NA;NA;NA;NA;NA;NA;NA;NA;NA;NA;NA;NA;NA;NA;NA;NA;NA;NA;NA;NA;NA;NA;NA;NA;NA;NA;NA;NA;NA;NA;NA;NA
64;RING;semihonest;replicated-ring;3;NA;NA;NA;NA;NA;NA;NA;NA;NA;NA;NA;NA;NA;25;25000;300;5;0;266.033;268.01;178;27%;~167668;26.5318;79.5953;NA;NA;NA;NA;NA;NA;NA;NA;NA;NA;NA;NA;NA;NA;NA;NA;NA;NA;NA;NA;NA;NA;NA;NA;NA;NA;NA;NA;NA;NA;NA;NA;NA
64;RING;semihonest;replicated-ring;3;NA;NA;NA;NA;NA;NA;NA;NA;NA;NA;NA;NA;NA;25;25000;300;5;0;266.054;268.04;178;28%;~167668;26.5318;79.5953;NA;NA;NA;NA;NA;NA;NA;NA;NA;NA;NA;NA;NA;NA;NA;NA;NA;NA;NA;NA;NA;NA;NA;NA;NA;NA;NA;NA;NA;NA;NA;NA;NA
64;RING;semihonest;replicated-ring;3;NA;NA;NA;NA;NA;NA;NA;NA;NA;NA;NA;NA;NA;25;25000;300;5;0;265.984;267.94;172;28%;~167668;26.5318;79.5953;NA;NA;NA;NA;NA;NA;NA;NA;NA;NA;NA;NA;NA;NA;NA;NA;NA;NA;NA;NA;NA;NA;NA;NA;NA;NA;NA;NA;NA;NA;NA;NA;NA
64;RING;semihonest;replicated-ring;3;NA;NA;NA;NA;NA;NA;NA;NA;NA;NA;NA;NA;NA;50;25000;300;5;0;526.06;529.78;180;14%;~167668;26.5318;79.5953;NA;NA;NA;NA;NA;NA;NA;NA;NA;NA;NA;NA;NA;NA;NA;NA;NA;NA;NA;NA;NA;NA;NA;NA;NA;NA;NA;NA;NA;NA;NA;NA;NA
64;RING;semihonest;replicated-ring;3;NA;NA;NA;NA;NA;NA;NA;NA;NA;NA;NA;NA;NA;50;25000;300;5;0;526.028;529.74;180;14%;~167668;26.5318;79.5953;NA;NA;NA;NA;NA;NA;NA;NA;NA;NA;NA;NA;NA;NA;NA;NA;NA;NA;NA;NA;NA;NA;NA;NA;NA;NA;NA;NA;NA;NA;NA;NA;NA
64;RING;semihonest;replicated-ring;3;NA;NA;NA;NA;NA;NA;NA;NA;NA;NA;NA;NA;NA;50;25000;300;5;0;526.1;529.82;184;14%;~167668;26.5318;79.5953;NA;NA;NA;NA;NA;NA;NA;NA;NA;NA;NA;NA;NA;NA;NA;NA;NA;NA;NA;NA;NA;NA;NA;NA;NA;NA;NA;NA;NA;NA;NA;NA;NA
64;RING;semihonest;replicated-ring;3;NA;NA;NA;NA;NA;NA;NA;NA;NA;NA;NA;NA;NA;50;25000;300;5;0;525.937;529.64;183;14%;~167668;26.5318;79.5953;NA;NA;NA;NA;NA;NA;NA;NA;NA;NA;NA;NA;NA;NA;NA;NA;NA;NA;NA;NA;NA;NA;NA;NA;NA;NA;NA;NA;NA;NA;NA;NA;NA
64;RING;semihonest;replicated-ring;3;NA;NA;NA;NA;NA;NA;NA;NA;NA;NA;NA;NA;NA;50;25000;300;5;0;526.059;529.76;174;14%;~167668;26.5318;79.5953;NA;NA;NA;NA;NA;NA;NA;NA;NA;NA;NA;NA;NA;NA;NA;NA;NA;NA;NA;NA;NA;NA;NA;NA;NA;NA;NA;NA;NA;NA;NA;NA;NA
64;RING;semihonest;replicated-ring;3;NA;NA;NA;NA;NA;NA;NA;NA;NA;NA;NA;NA;NA;50;25000;300;5;0;525.981;529.68;174;14%;~167668;26.5318;79.5953;NA;NA;NA;NA;NA;NA;NA;NA;NA;NA;NA;NA;NA;NA;NA;NA;NA;NA;NA;NA;NA;NA;NA;NA;NA;NA;NA;NA;NA;NA;NA;NA;NA
64;RING;semihonest;replicated-ring;3;NA;NA;NA;NA;NA;NA;NA;NA;NA;NA;NA;NA;NA;50;25000;300;5;0;526.044;529.75;178;14%;~167668;26.5318;79.5953;NA;NA;NA;NA;NA;NA;NA;NA;NA;NA;NA;NA;NA;NA;NA;NA;NA;NA;NA;NA;NA;NA;NA;NA;NA;NA;NA;NA;NA;NA;NA;NA;NA
64;RING;semihonest;replicated-ring;3;NA;NA;NA;NA;NA;NA;NA;NA;NA;NA;NA;NA;NA;50;25000;300;5;0;526.094;529.80;180;14%;~167668;26.5318;79.5953;NA;NA;NA;NA;NA;NA;NA;NA;NA;NA;NA;NA;NA;NA;NA;NA;NA;NA;NA;NA;NA;NA;NA;NA;NA;NA;NA;NA;NA;NA;NA;NA;NA
64;RING;semihonest;replicated-ring;3;NA;NA;NA;NA;NA;NA;NA;NA;NA;NA;NA;NA;NA;50;25000;300;5;0;526.038;529.76;184;14%;~167668;26.5318;79.5953;NA;NA;NA;NA;NA;NA;NA;NA;NA;NA;NA;NA;NA;NA;NA;NA;NA;NA;NA;NA;NA;NA;NA;NA;NA;NA;NA;NA;NA;NA;NA;NA;NA
64;RING;semihonest;replicated-ring;3;NA;NA;NA;NA;NA;NA;NA;NA;NA;NA;NA;NA;NA;50;25000;300;5;0;526.074;529.78;180;14%;~167668;26.5318;79.5953;NA;NA;NA;NA;NA;NA;NA;NA;NA;NA;NA;NA;NA;NA;NA;NA;NA;NA;NA;NA;NA;NA;NA;NA;NA;NA;NA;NA;NA;NA;NA;NA;NA
64;RING;semihonest;replicated-ring;3;NA;NA;NA;NA;NA;NA;NA;NA;NA;NA;NA;NA;NA;75;25000;300;5;0;786.104;791.56;180;10%;~167668;26.5318;79.5953;NA;NA;NA;NA;NA;NA;NA;NA;NA;NA;NA;NA;NA;NA;NA;NA;NA;NA;NA;NA;NA;NA;NA;NA;NA;NA;NA;NA;NA;NA;NA;NA;NA
64;RING;semihonest;replicated-ring;3;NA;NA;NA;NA;NA;NA;NA;NA;NA;NA;NA;NA;NA;75;25000;300;5;0;785.926;791.38;182;9%;~167668;26.5318;79.5953;NA;NA;NA;NA;NA;NA;NA;NA;NA;NA;NA;NA;NA;NA;NA;NA;NA;NA;NA;NA;NA;NA;NA;NA;NA;NA;NA;NA;NA;NA;NA;NA;NA
64;RING;semihonest;replicated-ring;3;NA;NA;NA;NA;NA;NA;NA;NA;NA;NA;NA;NA;NA;75;25000;300;5;0;785.992;791.46;177;9%;~167668;26.5318;79.5953;NA;NA;NA;NA;NA;NA;NA;NA;NA;NA;NA;NA;NA;NA;NA;NA;NA;NA;NA;NA;NA;NA;NA;NA;NA;NA;NA;NA;NA;NA;NA;NA;NA
64;RING;semihonest;replicated-ring;3;NA;NA;NA;NA;NA;NA;NA;NA;NA;NA;NA;NA;NA;75;25000;300;5;0;786.001;791.46;184;9%;~167668;26.5318;79.5953;NA;NA;NA;NA;NA;NA;NA;NA;NA;NA;NA;NA;NA;NA;NA;NA;NA;NA;NA;NA;NA;NA;NA;NA;NA;NA;NA;NA;NA;NA;NA;NA;NA
64;RING;semihonest;replicated-ring;3;NA;NA;NA;NA;NA;NA;NA;NA;NA;NA;NA;NA;NA;75;25000;300;5;0;786.028;791.48;181;9%;~167668;26.5318;79.5953;NA;NA;NA;NA;NA;NA;NA;NA;NA;NA;NA;NA;NA;NA;NA;NA;NA;NA;NA;NA;NA;NA;NA;NA;NA;NA;NA;NA;NA;NA;NA;NA;NA
64;RING;semihonest;replicated-ring;3;NA;NA;NA;NA;NA;NA;NA;NA;NA;NA;NA;NA;NA;75;25000;300;5;0;785.965;791.43;179;9%;~167668;26.5318;79.5953;NA;NA;NA;NA;NA;NA;NA;NA;NA;NA;NA;NA;NA;NA;NA;NA;NA;NA;NA;NA;NA;NA;NA;NA;NA;NA;NA;NA;NA;NA;NA;NA;NA
64;RING;semihonest;replicated-ring;3;NA;NA;NA;NA;NA;NA;NA;NA;NA;NA;NA;NA;NA;75;25000;300;5;0;785.974;791.44;174;9%;~167668;26.5318;79.5953;NA;NA;NA;NA;NA;NA;NA;NA;NA;NA;NA;NA;NA;NA;NA;NA;NA;NA;NA;NA;NA;NA;NA;NA;NA;NA;NA;NA;NA;NA;NA;NA;NA
64;RING;semihonest;replicated-ring;3;NA;NA;NA;NA;NA;NA;NA;NA;NA;NA;NA;NA;NA;75;25000;300;5;0;786.004;791.46;181;9%;~167668;26.5318;79.5953;NA;NA;NA;NA;NA;NA;NA;NA;NA;NA;NA;NA;NA;NA;NA;NA;NA;NA;NA;NA;NA;NA;NA;NA;NA;NA;NA;NA;NA;NA;NA;NA;NA
64;RING;semihonest;replicated-ring;3;NA;NA;NA;NA;NA;NA;NA;NA;NA;NA;NA;NA;NA;75;25000;300;5;0;785.987;791.45;183;9%;~167668;26.5318;79.5953;NA;NA;NA;NA;NA;NA;NA;NA;NA;NA;NA;NA;NA;NA;NA;NA;NA;NA;NA;NA;NA;NA;NA;NA;NA;NA;NA;NA;NA;NA;NA;NA;NA
64;RING;semihonest;replicated-ring;3;NA;NA;NA;NA;NA;NA;NA;NA;NA;NA;NA;NA;NA;75;25000;300;5;0;786.018;791.49;182;9%;~167668;26.5318;79.5953;NA;NA;NA;NA;NA;NA;NA;NA;NA;NA;NA;NA;NA;NA;NA;NA;NA;NA;NA;NA;NA;NA;NA;NA;NA;NA;NA;NA;NA;NA;NA;NA;NA
