program;c.domain;adv.model;protocol;partysize;comp.time(s);comp.peakRAM(MiB);bin.filesize(MiB);comp.P0intin;comp.P1intin;comp.P2intin;comp.P0bitin;comp.P1bitin;compP2bitin;comp.intbits;comp.inttriples;comp.bittriples;comp.vmrounds;latencies(ms);bandwidths(Mbs);input_size;packetdrops(%);runtime_internal(s);runtime_external(s);peakRAM(MiB);jobCPU(%);P0commRounds;P0dataSent(MB);ALLdataSent(MB);System time (s);Preprocessing Time(s);Online Phase(s);Tx(MB);Tx(rounds);Tx(s);Rx(MB);Rx(rounds);Rx(s);Brcasting(MB);Brcasting(rounds);Brcasting(s);TxRx(MB);TxRx(rounds);TxRx(s);Passing(MB);Passing(rounds);Passing(s);Part.Brcasting(MB);Part.Brcasting(rounds);Part.Brcasting(s);Ex(MB);Ex(rounds);Ex(s);Ex1to1(MB);Ex1to1(rounds);Ex1to1(s);Rx1to1(MB);Rx1to1(rounds);Rx1to1(s);Tx1to1(MB);Tx1to1(rounds);Tx1to1(s);Txtoall(MB);Txtoall(rounds);Txtoall(s)
62;RING;semihonest;replicated-ring;3;15.15;448;4;NA;NA;NA;NA;NA;NA;NA;10000;1650000;607;0;25000;100;0;0.327727;0.49;29;91%;~695;0.529922;1.58977;0.160784;2;0.000736333;0.160784;2;0.00336182;NA;NA;NA;NA;NA;NA;0.369138;691;0.266867;NA;NA;NA;NA;NA;NA;NA;NA;NA;NA;NA;NA;NA;NA;NA;NA;NA;NA
62;RING;semihonest;replicated-ring;3;NA;NA;NA;NA;NA;NA;NA;NA;NA;NA;NA;NA;NA;0;25000;100;0;0.314398;0.49;29;88%;~695;0.529922;1.58977;0.160784;2;0.00037395;0.160784;2;0.00192599;NA;NA;NA;NA;NA;NA;0.369138;691;0.259468;NA;NA;NA;NA;NA;NA;NA;NA;NA;NA;NA;NA;NA;NA;NA;NA;NA;NA
62;RING;semihonest;replicated-ring;3;NA;NA;NA;NA;NA;NA;NA;NA;NA;NA;NA;NA;NA;0;25000;100;0;0.276215;0.46;35;69%;~695;0.529922;1.58977;0.160784;2;0.000528745;0.160784;2;0.00331761;NA;NA;NA;NA;NA;NA;0.369138;691;0.223919;NA;NA;NA;NA;NA;NA;NA;NA;NA;NA;NA;NA;NA;NA;NA;NA;NA;NA
62;RING;semihonest;replicated-ring;3;NA;NA;NA;NA;NA;NA;NA;NA;NA;NA;NA;NA;NA;0;25000;100;0;0.251714;0.43;32;87%;~695;0.529922;1.58977;0.160784;2;0.000385469;0.160784;2;0.0025168;NA;NA;NA;NA;NA;NA;0.369138;691;0.201443;NA;NA;NA;NA;NA;NA;NA;NA;NA;NA;NA;NA;NA;NA;NA;NA;NA;NA
62;RING;semihonest;replicated-ring;3;NA;NA;NA;NA;NA;NA;NA;NA;NA;NA;NA;NA;NA;0;25000;100;0;0.239461;0.40;33;80%;~695;0.529922;1.58977;0.160784;2;0.000240117;0.160784;2;0.00375487;NA;NA;NA;NA;NA;NA;0.369138;691;0.189171;NA;NA;NA;NA;NA;NA;NA;NA;NA;NA;NA;NA;NA;NA;NA;NA;NA;NA
62;RING;semihonest;replicated-ring;3;NA;NA;NA;NA;NA;NA;NA;NA;NA;NA;NA;NA;NA;0;25000;100;0;0.355642;0.54;33;87%;~695;0.529922;1.58977;0.160784;2;0.00040064;0.160784;2;0.00255645;NA;NA;NA;NA;NA;NA;0.369138;691;0.299369;NA;NA;NA;NA;NA;NA;NA;NA;NA;NA;NA;NA;NA;NA;NA;NA;NA;NA
62;RING;semihonest;replicated-ring;3;NA;NA;NA;NA;NA;NA;NA;NA;NA;NA;NA;NA;NA;0;25000;100;0;0.279454;0.42;31;90%;~695;0.529922;1.58977;0.160784;2;0.00057745;0.160784;2;0.00268511;NA;NA;NA;NA;NA;NA;0.369138;691;0.225106;NA;NA;NA;NA;NA;NA;NA;NA;NA;NA;NA;NA;NA;NA;NA;NA;NA;NA
62;RING;semihonest;replicated-ring;3;NA;NA;NA;NA;NA;NA;NA;NA;NA;NA;NA;NA;NA;0;25000;100;0;0.278483;0.45;34;90%;~695;0.529922;1.58977;0.160784;2;0.000378549;0.160784;2;0.00166129;NA;NA;NA;NA;NA;NA;0.369138;691;0.22678;NA;NA;NA;NA;NA;NA;NA;NA;NA;NA;NA;NA;NA;NA;NA;NA;NA;NA
62;RING;semihonest;replicated-ring;3;NA;NA;NA;NA;NA;NA;NA;NA;NA;NA;NA;NA;NA;0;25000;100;0;0.311647;0.48;33;89%;~695;0.529922;1.58977;0.160784;2;0.000396849;0.160784;2;0.00229586;NA;NA;NA;NA;NA;NA;0.369138;691;0.266178;NA;NA;NA;NA;NA;NA;NA;NA;NA;NA;NA;NA;NA;NA;NA;NA;NA;NA
62;RING;semihonest;replicated-ring;3;NA;NA;NA;NA;NA;NA;NA;NA;NA;NA;NA;NA;NA;0;25000;100;0;0.334667;0.51;32;84%;~695;0.529922;1.58977;0.160784;2;0.000395235;0.160784;2;0.00353177;NA;NA;NA;NA;NA;NA;0.369138;691;0.274642;NA;NA;NA;NA;NA;NA;NA;NA;NA;NA;NA;NA;NA;NA;NA;NA;NA;NA
62;RING;semihonest;replicated-ring;3;NA;NA;NA;NA;NA;NA;NA;NA;NA;NA;NA;NA;NA;0;25000;100;1;0.483995;0.89;34;57%;~695;0.529922;1.58977;0.160784;2;0.000378932;0.160784;2;0.00233025;NA;NA;NA;NA;NA;NA;0.369138;691;0.420033;NA;NA;NA;NA;NA;NA;NA;NA;NA;NA;NA;NA;NA;NA;NA;NA;NA;NA
62;RING;semihonest;replicated-ring;3;NA;NA;NA;NA;NA;NA;NA;NA;NA;NA;NA;NA;NA;0;25000;100;1;0.482145;1.94;32;28%;~695;0.529922;1.58977;0.160784;2;0.000506777;0.160784;2;0.00309321;NA;NA;NA;NA;NA;NA;0.369138;691;0.405647;NA;NA;NA;NA;NA;NA;NA;NA;NA;NA;NA;NA;NA;NA;NA;NA;NA;NA
62;RING;semihonest;replicated-ring;3;NA;NA;NA;NA;NA;NA;NA;NA;NA;NA;NA;NA;NA;0;25000;100;1;0.437729;1.87;34;28%;~695;0.529922;1.58977;0.160784;2;0.000501367;0.160784;2;0.0026748;NA;NA;NA;NA;NA;NA;0.369138;691;0.374218;NA;NA;NA;NA;NA;NA;NA;NA;NA;NA;NA;NA;NA;NA;NA;NA;NA;NA
62;RING;semihonest;replicated-ring;3;NA;NA;NA;NA;NA;NA;NA;NA;NA;NA;NA;NA;NA;0;25000;100;1;0.432727;1.87;35;27%;~695;0.529922;1.58977;0.160784;2;0.000503766;0.160784;2;0.00500166;NA;NA;NA;NA;NA;NA;0.369138;691;0.339464;NA;NA;NA;NA;NA;NA;NA;NA;NA;NA;NA;NA;NA;NA;NA;NA;NA;NA
62;RING;semihonest;replicated-ring;3;NA;NA;NA;NA;NA;NA;NA;NA;NA;NA;NA;NA;NA;0;25000;100;1;0.392454;0.77;29;62%;~695;0.529922;1.58977;0.160784;2;0.000390004;0.160784;2;0.0026277;NA;NA;NA;NA;NA;NA;0.369138;691;0.327605;NA;NA;NA;NA;NA;NA;NA;NA;NA;NA;NA;NA;NA;NA;NA;NA;NA;NA
62;RING;semihonest;replicated-ring;3;NA;NA;NA;NA;NA;NA;NA;NA;NA;NA;NA;NA;NA;0;25000;100;1;0.659836;0.83;29;58%;~695;0.529922;1.58977;0.160784;2;0.000592107;0.160784;2;0.00268914;NA;NA;NA;NA;NA;NA;0.369138;691;0.595676;NA;NA;NA;NA;NA;NA;NA;NA;NA;NA;NA;NA;NA;NA;NA;NA;NA;NA
62;RING;semihonest;replicated-ring;3;NA;NA;NA;NA;NA;NA;NA;NA;NA;NA;NA;NA;NA;0;25000;100;1;0.652101;2.10;33;27%;~695;0.529922;1.58977;0.160784;2;0.000636576;0.160784;2;0.00293682;NA;NA;NA;NA;NA;NA;0.369138;691;0.56657;NA;NA;NA;NA;NA;NA;NA;NA;NA;NA;NA;NA;NA;NA;NA;NA;NA;NA
62;RING;semihonest;replicated-ring;3;NA;NA;NA;NA;NA;NA;NA;NA;NA;NA;NA;NA;NA;0;25000;100;1;0.418248;0.59;33;82%;~695;0.529922;1.58977;0.160784;2;0.000373536;0.160784;2;0.00429233;NA;NA;NA;NA;NA;NA;0.369138;691;0.348153;NA;NA;NA;NA;NA;NA;NA;NA;NA;NA;NA;NA;NA;NA;NA;NA;NA;NA
62;RING;semihonest;replicated-ring;3;NA;NA;NA;NA;NA;NA;NA;NA;NA;NA;NA;NA;NA;0;25000;100;1;0.377514;0.57;31;85%;~695;0.529922;1.58977;0.160784;2;0.000389408;0.160784;2;0.00319318;NA;NA;NA;NA;NA;NA;0.369138;691;0.318285;NA;NA;NA;NA;NA;NA;NA;NA;NA;NA;NA;NA;NA;NA;NA;NA;NA;NA
62;RING;semihonest;replicated-ring;3;NA;NA;NA;NA;NA;NA;NA;NA;NA;NA;NA;NA;NA;0;25000;100;1;0.712811;1.91;34;27%;~695;0.529922;1.58977;0.160784;2;0.000503594;0.160784;2;0.00328559;NA;NA;NA;NA;NA;NA;0.369138;691;0.643435;NA;NA;NA;NA;NA;NA;NA;NA;NA;NA;NA;NA;NA;NA;NA;NA;NA;NA
62;RING;semihonest;replicated-ring;3;NA;NA;NA;NA;NA;NA;NA;NA;NA;NA;NA;NA;NA;0;25000;100;2;0.716727;1.11;34;44%;~695;0.529922;1.58977;0.160784;2;0.000383876;0.160784;2;0.00343476;NA;NA;NA;NA;NA;NA;0.369138;691;0.652686;NA;NA;NA;NA;NA;NA;NA;NA;NA;NA;NA;NA;NA;NA;NA;NA;NA;NA
62;RING;semihonest;replicated-ring;3;NA;NA;NA;NA;NA;NA;NA;NA;NA;NA;NA;NA;NA;0;25000;100;2;1.13895;2.60;29;21%;~695;0.529922;1.58977;0.160784;2;0.000523238;0.160784;2;0.00252403;NA;NA;NA;NA;NA;NA;0.369138;691;1.0713;NA;NA;NA;NA;NA;NA;NA;NA;NA;NA;NA;NA;NA;NA;NA;NA;NA;NA
62;RING;semihonest;replicated-ring;3;NA;NA;NA;NA;NA;NA;NA;NA;NA;NA;NA;NA;NA;0;25000;100;2;1.37437;1.76;29;30%;~695;0.529922;1.58977;0.160784;2;0.000545675;0.160784;2;0.00523144;NA;NA;NA;NA;NA;NA;0.369138;691;1.27753;NA;NA;NA;NA;NA;NA;NA;NA;NA;NA;NA;NA;NA;NA;NA;NA;NA;NA
62;RING;semihonest;replicated-ring;3;NA;NA;NA;NA;NA;NA;NA;NA;NA;NA;NA;NA;NA;0;25000;100;2;0.998889;2.22;29;24%;~695;0.529922;1.58977;0.160784;2;0.000486181;0.160784;2;0.0038532;NA;NA;NA;NA;NA;NA;0.369138;691;0.924458;NA;NA;NA;NA;NA;NA;NA;NA;NA;NA;NA;NA;NA;NA;NA;NA;NA;NA
62;RING;semihonest;replicated-ring;3;NA;NA;NA;NA;NA;NA;NA;NA;NA;NA;NA;NA;NA;0;25000;100;2;0.982325;3.12;33;18%;~695;0.529922;1.58977;0.160784;2;0.000639021;0.160784;2;0.0013592;NA;NA;NA;NA;NA;NA;0.369138;691;0.889212;NA;NA;NA;NA;NA;NA;NA;NA;NA;NA;NA;NA;NA;NA;NA;NA;NA;NA
62;RING;semihonest;replicated-ring;3;NA;NA;NA;NA;NA;NA;NA;NA;NA;NA;NA;NA;NA;0;25000;100;2;0.820657;2.26;33;24%;~695;0.529922;1.58977;0.160784;2;0.000404295;0.160784;2;0.00109752;NA;NA;NA;NA;NA;NA;0.369138;691;0.738866;NA;NA;NA;NA;NA;NA;NA;NA;NA;NA;NA;NA;NA;NA;NA;NA;NA;NA
62;RING;semihonest;replicated-ring;3;NA;NA;NA;NA;NA;NA;NA;NA;NA;NA;NA;NA;NA;0;25000;100;2;1.61946;4.06;32;10%;~695;0.529922;1.58977;0.160784;2;0.00034276;0.160784;2;0.00217644;NA;NA;NA;NA;NA;NA;0.369138;691;1.52979;NA;NA;NA;NA;NA;NA;NA;NA;NA;NA;NA;NA;NA;NA;NA;NA;NA;NA
62;RING;semihonest;replicated-ring;3;NA;NA;NA;NA;NA;NA;NA;NA;NA;NA;NA;NA;NA;0;25000;100;2;1.35069;3.23;29;18%;~695;0.529922;1.58977;0.160784;2;0.000641705;0.160784;2;0.00894246;NA;NA;NA;NA;NA;NA;0.369138;691;1.24904;NA;NA;NA;NA;NA;NA;NA;NA;NA;NA;NA;NA;NA;NA;NA;NA;NA;NA
62;RING;semihonest;replicated-ring;3;NA;NA;NA;NA;NA;NA;NA;NA;NA;NA;NA;NA;NA;0;25000;100;2;1.09642;1.49;29;31%;~695;0.529922;1.58977;0.160784;2;0.000784899;0.160784;2;0.00585922;NA;NA;NA;NA;NA;NA;0.369138;691;0.999911;NA;NA;NA;NA;NA;NA;NA;NA;NA;NA;NA;NA;NA;NA;NA;NA;NA;NA
62;RING;semihonest;replicated-ring;3;NA;NA;NA;NA;NA;NA;NA;NA;NA;NA;NA;NA;NA;0;25000;100;2;0.675828;1.26;35;38%;~695;0.529922;1.58977;0.160784;2;0.000545757;0.160784;2;0.00495854;NA;NA;NA;NA;NA;NA;0.369138;691;0.584063;NA;NA;NA;NA;NA;NA;NA;NA;NA;NA;NA;NA;NA;NA;NA;NA;NA;NA
62;RING;semihonest;replicated-ring;3;NA;NA;NA;NA;NA;NA;NA;NA;NA;NA;NA;NA;NA;0;25000;100;5;4.78123;6.45;31;8%;~695;0.529922;1.58977;0.160784;2;0.000518577;0.160784;2;0.00887196;NA;NA;NA;NA;NA;NA;0.369138;691;4.69071;NA;NA;NA;NA;NA;NA;NA;NA;NA;NA;NA;NA;NA;NA;NA;NA;NA;NA
62;RING;semihonest;replicated-ring;3;NA;NA;NA;NA;NA;NA;NA;NA;NA;NA;NA;NA;NA;0;25000;100;5;4.69615;5.79;33;10%;~695;0.529922;1.58977;0.160784;2;0.000541938;0.160784;2;0.216127;NA;NA;NA;NA;NA;NA;0.369138;691;4.39059;NA;NA;NA;NA;NA;NA;NA;NA;NA;NA;NA;NA;NA;NA;NA;NA;NA;NA
62;RING;semihonest;replicated-ring;3;NA;NA;NA;NA;NA;NA;NA;NA;NA;NA;NA;NA;NA;0;25000;100;5;5.69362;7.38;32;8%;~695;0.529922;1.58977;0.160784;2;0.000603996;0.160784;2;0.00337988;NA;NA;NA;NA;NA;NA;0.369138;691;5.60687;NA;NA;NA;NA;NA;NA;NA;NA;NA;NA;NA;NA;NA;NA;NA;NA;NA;NA
62;RING;semihonest;replicated-ring;3;NA;NA;NA;NA;NA;NA;NA;NA;NA;NA;NA;NA;NA;0;25000;100;5;5.7194;10.01;34;6%;~695;0.529922;1.58977;0.160784;2;0.000865027;0.160784;2;0.00680665;NA;NA;NA;NA;NA;NA;0.369138;691;5.6217;NA;NA;NA;NA;NA;NA;NA;NA;NA;NA;NA;NA;NA;NA;NA;NA;NA;NA
62;RING;semihonest;replicated-ring;3;NA;NA;NA;NA;NA;NA;NA;NA;NA;NA;NA;NA;NA;0;25000;100;5;4.17977;6.08;34;10%;~695;0.529922;1.58977;0.160784;2;0.000530908;0.160784;2;0.0134219;NA;NA;NA;NA;NA;NA;0.369138;691;4.07527;NA;NA;NA;NA;NA;NA;NA;NA;NA;NA;NA;NA;NA;NA;NA;NA;NA;NA
62;RING;semihonest;replicated-ring;3;NA;NA;NA;NA;NA;NA;NA;NA;NA;NA;NA;NA;NA;0;25000;100;5;3.40013;6.30;31;9%;~695;0.529922;1.58977;0.160784;2;0.00060946;0.160784;2;0.0124097;NA;NA;NA;NA;NA;NA;0.369138;691;3.29544;NA;NA;NA;NA;NA;NA;NA;NA;NA;NA;NA;NA;NA;NA;NA;NA;NA;NA
62;RING;semihonest;replicated-ring;3;NA;NA;NA;NA;NA;NA;NA;NA;NA;NA;NA;NA;NA;0;25000;100;5;4.47841;6.37;33;9%;~695;0.529922;1.58977;0.160784;2;0.000460415;0.160784;2;0.225839;NA;NA;NA;NA;NA;NA;0.369138;691;4.16364;NA;NA;NA;NA;NA;NA;NA;NA;NA;NA;NA;NA;NA;NA;NA;NA;NA;NA
62;RING;semihonest;replicated-ring;3;NA;NA;NA;NA;NA;NA;NA;NA;NA;NA;NA;NA;NA;0;25000;100;5;3.56948;4.75;33;11%;~695;0.529922;1.58977;0.160784;2;0.000491596;0.160784;2;0.00993336;NA;NA;NA;NA;NA;NA;0.369138;691;3.47516;NA;NA;NA;NA;NA;NA;NA;NA;NA;NA;NA;NA;NA;NA;NA;NA;NA;NA
62;RING;semihonest;replicated-ring;3;NA;NA;NA;NA;NA;NA;NA;NA;NA;NA;NA;NA;NA;0;25000;100;5;3.13711;7.05;33;8%;~695;0.529922;1.58977;0.160784;2;0.000554234;0.160784;2;0.00879609;NA;NA;NA;NA;NA;NA;0.369138;691;3.03848;NA;NA;NA;NA;NA;NA;NA;NA;NA;NA;NA;NA;NA;NA;NA;NA;NA;NA
62;RING;semihonest;replicated-ring;3;NA;NA;NA;NA;NA;NA;NA;NA;NA;NA;NA;NA;NA;0;25000;100;5;4.24884;9.97;29;6%;~695;0.529922;1.58977;0.160784;2;0.000454853;0.160784;2;0.00339486;NA;NA;NA;NA;NA;NA;0.369138;691;4.16484;NA;NA;NA;NA;NA;NA;NA;NA;NA;NA;NA;NA;NA;NA;NA;NA;NA;NA
62;RING;semihonest;replicated-ring;3;15.44;448;4;NA;NA;NA;NA;NA;NA;NA;10000;1650000;607;0;25000;100;0;0.214828;0.38;33;66%;~695;0.529922;1.58977;0.160784;2;0.000352655;0.160784;2;0.00324143;NA;NA;NA;NA;NA;NA;0.369138;691;0.163918;NA;NA;NA;NA;NA;NA;NA;NA;NA;NA;NA;NA;NA;NA;NA;NA;NA;NA
62;RING;semihonest;replicated-ring;3;NA;NA;NA;NA;NA;NA;NA;NA;NA;NA;NA;NA;NA;0;25000;100;0;0.137466;0.30;33;83%;~695;0.529922;1.58977;0.160784;2;0.000376057;0.160784;2;0.00270062;NA;NA;NA;NA;NA;NA;0.369138;691;0.0933773;NA;NA;NA;NA;NA;NA;NA;NA;NA;NA;NA;NA;NA;NA;NA;NA;NA;NA
62;RING;semihonest;replicated-ring;3;NA;NA;NA;NA;NA;NA;NA;NA;NA;NA;NA;NA;NA;0;25000;100;0;0.274517;0.45;33;89%;~695;0.529922;1.58977;0.160784;2;0.000378544;0.160784;2;0.0023336;NA;NA;NA;NA;NA;NA;0.369138;691;0.222213;NA;NA;NA;NA;NA;NA;NA;NA;NA;NA;NA;NA;NA;NA;NA;NA;NA;NA
62;RING;semihonest;replicated-ring;3;NA;NA;NA;NA;NA;NA;NA;NA;NA;NA;NA;NA;NA;0;25000;100;0;0.334037;0.50;31;94%;~695;0.529922;1.58977;0.160784;2;0.00066191;0.160784;2;0.00258188;NA;NA;NA;NA;NA;NA;0.369138;691;0.27143;NA;NA;NA;NA;NA;NA;NA;NA;NA;NA;NA;NA;NA;NA;NA;NA;NA;NA
62;RING;semihonest;replicated-ring;3;NA;NA;NA;NA;NA;NA;NA;NA;NA;NA;NA;NA;NA;0;25000;100;0;0.351399;0.52;32;90%;~695;0.529922;1.58977;0.160784;2;0.000388837;0.160784;2;0.00216683;NA;NA;NA;NA;NA;NA;0.369138;691;0.293496;NA;NA;NA;NA;NA;NA;NA;NA;NA;NA;NA;NA;NA;NA;NA;NA;NA;NA
62;RING;semihonest;replicated-ring;3;NA;NA;NA;NA;NA;NA;NA;NA;NA;NA;NA;NA;NA;0;25000;100;0;0.357839;0.54;34;86%;~695;0.529922;1.58977;0.160784;2;0.000658819;0.160784;2;0.00241047;NA;NA;NA;NA;NA;NA;0.369138;691;0.306778;NA;NA;NA;NA;NA;NA;NA;NA;NA;NA;NA;NA;NA;NA;NA;NA;NA;NA
62;RING;semihonest;replicated-ring;3;NA;NA;NA;NA;NA;NA;NA;NA;NA;NA;NA;NA;NA;0;25000;100;0;0.324348;0.51;30;86%;~695;0.529922;1.58977;0.160784;2;0.000371006;0.160784;2;0.00415147;NA;NA;NA;NA;NA;NA;0.369138;691;0.267187;NA;NA;NA;NA;NA;NA;NA;NA;NA;NA;NA;NA;NA;NA;NA;NA;NA;NA
62;RING;semihonest;replicated-ring;3;NA;NA;NA;NA;NA;NA;NA;NA;NA;NA;NA;NA;NA;0;25000;100;0;0.309627;0.48;35;87%;~695;0.529922;1.58977;0.160784;2;0.000514883;0.160784;2;0.00224588;NA;NA;NA;NA;NA;NA;0.369138;691;0.258961;NA;NA;NA;NA;NA;NA;NA;NA;NA;NA;NA;NA;NA;NA;NA;NA;NA;NA
62;RING;semihonest;replicated-ring;3;NA;NA;NA;NA;NA;NA;NA;NA;NA;NA;NA;NA;NA;0;25000;100;0;0.312796;0.48;34;93%;~695;0.529922;1.58977;0.160784;2;0.000405844;0.160784;2;0.00303973;NA;NA;NA;NA;NA;NA;0.369138;691;0.251587;NA;NA;NA;NA;NA;NA;NA;NA;NA;NA;NA;NA;NA;NA;NA;NA;NA;NA
62;RING;semihonest;replicated-ring;3;NA;NA;NA;NA;NA;NA;NA;NA;NA;NA;NA;NA;NA;0;25000;100;0;0.344052;0.52;33;92%;~695;0.529922;1.58977;0.160784;2;0.000373707;0.160784;2;0.00202094;NA;NA;NA;NA;NA;NA;0.369138;691;0.28368;NA;NA;NA;NA;NA;NA;NA;NA;NA;NA;NA;NA;NA;NA;NA;NA;NA;NA
62;RING;semihonest;replicated-ring;3;NA;NA;NA;NA;NA;NA;NA;NA;NA;NA;NA;NA;NA;0;10000;100;0;0.257899;0.44;35;83%;~695;0.529922;1.58977;0.160784;2;0.000472903;0.160784;2;0.00348792;NA;NA;NA;NA;NA;NA;0.369138;691;0.205972;NA;NA;NA;NA;NA;NA;NA;NA;NA;NA;NA;NA;NA;NA;NA;NA;NA;NA
62;RING;semihonest;replicated-ring;3;NA;NA;NA;NA;NA;NA;NA;NA;NA;NA;NA;NA;NA;0;10000;100;0;0.341164;0.51;29;92%;~695;0.529922;1.58977;0.160784;2;0.000367147;0.160784;2;0.00256626;NA;NA;NA;NA;NA;NA;0.369138;691;0.280254;NA;NA;NA;NA;NA;NA;NA;NA;NA;NA;NA;NA;NA;NA;NA;NA;NA;NA
62;RING;semihonest;replicated-ring;3;NA;NA;NA;NA;NA;NA;NA;NA;NA;NA;NA;NA;NA;0;10000;100;0;0.314193;0.49;34;87%;~695;0.529922;1.58977;0.160784;2;0.00037816;0.160784;2;0.00239107;NA;NA;NA;NA;NA;NA;0.369138;691;0.265389;NA;NA;NA;NA;NA;NA;NA;NA;NA;NA;NA;NA;NA;NA;NA;NA;NA;NA
62;RING;semihonest;replicated-ring;3;NA;NA;NA;NA;NA;NA;NA;NA;NA;NA;NA;NA;NA;0;10000;100;0;0.349465;0.53;33;85%;~695;0.529922;1.58977;0.160784;2;0.000382295;0.160784;2;0.00302935;NA;NA;NA;NA;NA;NA;0.369138;691;0.289106;NA;NA;NA;NA;NA;NA;NA;NA;NA;NA;NA;NA;NA;NA;NA;NA;NA;NA
62;RING;semihonest;replicated-ring;3;NA;NA;NA;NA;NA;NA;NA;NA;NA;NA;NA;NA;NA;0;10000;100;0;0.260211;0.44;33;86%;~695;0.529922;1.58977;0.160784;2;0.000388969;0.160784;2;0.00252025;NA;NA;NA;NA;NA;NA;0.369138;691;0.211471;NA;NA;NA;NA;NA;NA;NA;NA;NA;NA;NA;NA;NA;NA;NA;NA;NA;NA
62;RING;semihonest;replicated-ring;3;NA;NA;NA;NA;NA;NA;NA;NA;NA;NA;NA;NA;NA;0;10000;100;0;0.358022;0.53;33;86%;~695;0.529922;1.58977;0.160784;2;0.000383975;0.160784;2;0.00429752;NA;NA;NA;NA;NA;NA;0.369138;691;0.302417;NA;NA;NA;NA;NA;NA;NA;NA;NA;NA;NA;NA;NA;NA;NA;NA;NA;NA
62;RING;semihonest;replicated-ring;3;NA;NA;NA;NA;NA;NA;NA;NA;NA;NA;NA;NA;NA;0;10000;100;0;0.355266;0.52;29;89%;~695;0.529922;1.58977;0.160784;2;0.000535824;0.160784;2;0.00375843;NA;NA;NA;NA;NA;NA;0.369138;691;0.293836;NA;NA;NA;NA;NA;NA;NA;NA;NA;NA;NA;NA;NA;NA;NA;NA;NA;NA
62;RING;semihonest;replicated-ring;3;NA;NA;NA;NA;NA;NA;NA;NA;NA;NA;NA;NA;NA;0;10000;100;0;0.340861;0.52;31;86%;~695;0.529922;1.58977;0.160784;2;0.00038717;0.160784;2;0.00278072;NA;NA;NA;NA;NA;NA;0.369138;691;0.279798;NA;NA;NA;NA;NA;NA;NA;NA;NA;NA;NA;NA;NA;NA;NA;NA;NA;NA
62;RING;semihonest;replicated-ring;3;NA;NA;NA;NA;NA;NA;NA;NA;NA;NA;NA;NA;NA;0;10000;100;0;0.353923;0.52;29;87%;~695;0.529922;1.58977;0.160784;2;0.000375731;0.160784;2;0.0024239;NA;NA;NA;NA;NA;NA;0.369138;691;0.293593;NA;NA;NA;NA;NA;NA;NA;NA;NA;NA;NA;NA;NA;NA;NA;NA;NA;NA
62;RING;semihonest;replicated-ring;3;NA;NA;NA;NA;NA;NA;NA;NA;NA;NA;NA;NA;NA;0;10000;100;0;0.352943;0.53;35;86%;~695;0.529922;1.58977;0.160784;2;0.000271814;0.160784;2;0.00245362;NA;NA;NA;NA;NA;NA;0.369138;691;0.293919;NA;NA;NA;NA;NA;NA;NA;NA;NA;NA;NA;NA;NA;NA;NA;NA;NA;NA
62;RING;semihonest;replicated-ring;3;NA;NA;NA;NA;NA;NA;NA;NA;NA;NA;NA;NA;NA;0;1000;100;0;0.364833;0.53;29;89%;~695;0.529922;1.58977;0.160784;2;0.000386794;0.160784;2;0.00228935;NA;NA;NA;NA;NA;NA;0.369138;691;0.307598;NA;NA;NA;NA;NA;NA;NA;NA;NA;NA;NA;NA;NA;NA;NA;NA;NA;NA
62;RING;semihonest;replicated-ring;3;NA;NA;NA;NA;NA;NA;NA;NA;NA;NA;NA;NA;NA;0;1000;100;0;0.197184;0.37;29;81%;~695;0.529922;1.58977;0.160784;2;0.000368472;0.160784;2;0.0024719;NA;NA;NA;NA;NA;NA;0.369138;691;0.154757;NA;NA;NA;NA;NA;NA;NA;NA;NA;NA;NA;NA;NA;NA;NA;NA;NA;NA
62;RING;semihonest;replicated-ring;3;NA;NA;NA;NA;NA;NA;NA;NA;NA;NA;NA;NA;NA;0;1000;100;0;0.368586;0.55;31;83%;~695;0.529922;1.58977;0.160784;2;0.000466505;0.160784;2;0.00359509;NA;NA;NA;NA;NA;NA;0.369138;691;0.31061;NA;NA;NA;NA;NA;NA;NA;NA;NA;NA;NA;NA;NA;NA;NA;NA;NA;NA
62;RING;semihonest;replicated-ring;3;NA;NA;NA;NA;NA;NA;NA;NA;NA;NA;NA;NA;NA;0;1000;100;0;0.348821;0.52;34;88%;~695;0.529922;1.58977;0.160784;2;0.000366255;0.160784;2;0.00514677;NA;NA;NA;NA;NA;NA;0.369138;691;0.288274;NA;NA;NA;NA;NA;NA;NA;NA;NA;NA;NA;NA;NA;NA;NA;NA;NA;NA
62;RING;semihonest;replicated-ring;3;NA;NA;NA;NA;NA;NA;NA;NA;NA;NA;NA;NA;NA;0;1000;100;0;0.361963;0.53;34;91%;~695;0.529922;1.58977;0.160784;2;0.000385135;0.160784;2;0.00295407;NA;NA;NA;NA;NA;NA;0.369138;691;0.299965;NA;NA;NA;NA;NA;NA;NA;NA;NA;NA;NA;NA;NA;NA;NA;NA;NA;NA
62;RING;semihonest;replicated-ring;3;NA;NA;NA;NA;NA;NA;NA;NA;NA;NA;NA;NA;NA;0;1000;100;0;0.34952;0.52;31;89%;~695;0.529922;1.58977;0.160784;2;0.000491173;0.160784;2;0.00359275;NA;NA;NA;NA;NA;NA;0.369138;691;0.288526;NA;NA;NA;NA;NA;NA;NA;NA;NA;NA;NA;NA;NA;NA;NA;NA;NA;NA
62;RING;semihonest;replicated-ring;3;NA;NA;NA;NA;NA;NA;NA;NA;NA;NA;NA;NA;NA;0;1000;100;0;0.352163;0.53;29;89%;~695;0.529922;1.58977;0.160784;2;0.000414425;0.160784;2;0.00206377;NA;NA;NA;NA;NA;NA;0.369138;691;0.29337;NA;NA;NA;NA;NA;NA;NA;NA;NA;NA;NA;NA;NA;NA;NA;NA;NA;NA
62;RING;semihonest;replicated-ring;3;NA;NA;NA;NA;NA;NA;NA;NA;NA;NA;NA;NA;NA;0;1000;100;0;0.335924;0.51;31;92%;~695;0.529922;1.58977;0.160784;2;0.0005055;0.160784;2;0.00343188;NA;NA;NA;NA;NA;NA;0.369138;691;0.269467;NA;NA;NA;NA;NA;NA;NA;NA;NA;NA;NA;NA;NA;NA;NA;NA;NA;NA
62;RING;semihonest;replicated-ring;3;NA;NA;NA;NA;NA;NA;NA;NA;NA;NA;NA;NA;NA;0;1000;100;0;0.188327;0.36;30;84%;~695;0.529922;1.58977;0.160784;2;0.000379599;0.160784;2;0.00282515;NA;NA;NA;NA;NA;NA;0.369138;691;0.139935;NA;NA;NA;NA;NA;NA;NA;NA;NA;NA;NA;NA;NA;NA;NA;NA;NA;NA
62;RING;semihonest;replicated-ring;3;NA;NA;NA;NA;NA;NA;NA;NA;NA;NA;NA;NA;NA;0;1000;100;0;0.313448;0.48;30;76%;~695;0.529922;1.58977;0.160784;2;0.000428864;0.160784;2;0.00372476;NA;NA;NA;NA;NA;NA;0.369138;691;0.254073;NA;NA;NA;NA;NA;NA;NA;NA;NA;NA;NA;NA;NA;NA;NA;NA;NA;NA
62;RING;semihonest;replicated-ring;3;NA;NA;NA;NA;NA;NA;NA;NA;NA;NA;NA;NA;NA;0;100;100;0;0.38745;0.56;34;77%;~695;0.529922;1.58977;0.160784;2;0.0003263;0.160784;2;0.0154063;NA;NA;NA;NA;NA;NA;0.369138;691;0.308467;NA;NA;NA;NA;NA;NA;NA;NA;NA;NA;NA;NA;NA;NA;NA;NA;NA;NA
62;RING;semihonest;replicated-ring;3;NA;NA;NA;NA;NA;NA;NA;NA;NA;NA;NA;NA;NA;0;100;100;0;0.407006;0.58;31;76%;~695;0.529922;1.58977;0.160784;2;0.000310637;0.160784;2;0.0156696;NA;NA;NA;NA;NA;NA;0.369138;691;0.333967;NA;NA;NA;NA;NA;NA;NA;NA;NA;NA;NA;NA;NA;NA;NA;NA;NA;NA
62;RING;semihonest;replicated-ring;3;NA;NA;NA;NA;NA;NA;NA;NA;NA;NA;NA;NA;NA;0;100;100;0;0.395987;0.57;32;85%;~695;0.529922;1.58977;0.160784;2;0.000493914;0.160784;2;0.0140172;NA;NA;NA;NA;NA;NA;0.369138;691;0.321205;NA;NA;NA;NA;NA;NA;NA;NA;NA;NA;NA;NA;NA;NA;NA;NA;NA;NA
62;RING;semihonest;replicated-ring;3;NA;NA;NA;NA;NA;NA;NA;NA;NA;NA;NA;NA;NA;0;100;100;0;0.424204;0.60;32;85%;~695;0.529922;1.58977;0.160784;2;0.00027423;0.160784;2;0.0142952;NA;NA;NA;NA;NA;NA;0.369138;691;0.343972;NA;NA;NA;NA;NA;NA;NA;NA;NA;NA;NA;NA;NA;NA;NA;NA;NA;NA
62;RING;semihonest;replicated-ring;3;NA;NA;NA;NA;NA;NA;NA;NA;NA;NA;NA;NA;NA;0;100;100;0;0.317823;0.49;29;84%;~695;0.529922;1.58977;0.160784;2;0.00049771;0.160784;2;0.0145566;NA;NA;NA;NA;NA;NA;0.369138;691;0.245831;NA;NA;NA;NA;NA;NA;NA;NA;NA;NA;NA;NA;NA;NA;NA;NA;NA;NA
62;RING;semihonest;replicated-ring;3;NA;NA;NA;NA;NA;NA;NA;NA;NA;NA;NA;NA;NA;0;100;100;0;0.426744;0.61;35;80%;~695;0.529922;1.58977;0.160784;2;0.000394445;0.160784;2;0.0157058;NA;NA;NA;NA;NA;NA;0.369138;691;0.346015;NA;NA;NA;NA;NA;NA;NA;NA;NA;NA;NA;NA;NA;NA;NA;NA;NA;NA
62;RING;semihonest;replicated-ring;3;NA;NA;NA;NA;NA;NA;NA;NA;NA;NA;NA;NA;NA;0;100;100;0;0.439877;0.61;31;77%;~695;0.529922;1.58977;0.160784;2;0.000317274;0.160784;2;0.015946;NA;NA;NA;NA;NA;NA;0.369138;691;0.357445;NA;NA;NA;NA;NA;NA;NA;NA;NA;NA;NA;NA;NA;NA;NA;NA;NA;NA
62;RING;semihonest;replicated-ring;3;NA;NA;NA;NA;NA;NA;NA;NA;NA;NA;NA;NA;NA;0;100;100;0;0.430077;0.60;34;80%;~695;0.529922;1.58977;0.160784;2;0.000465581;0.160784;2;0.0160282;NA;NA;NA;NA;NA;NA;0.369138;691;0.343567;NA;NA;NA;NA;NA;NA;NA;NA;NA;NA;NA;NA;NA;NA;NA;NA;NA;NA
62;RING;semihonest;replicated-ring;3;NA;NA;NA;NA;NA;NA;NA;NA;NA;NA;NA;NA;NA;0;100;100;0;0.316239;0.49;31;61%;~695;0.529922;1.58977;0.160784;2;0.000237011;0.160784;2;0.016091;NA;NA;NA;NA;NA;NA;0.369138;691;0.23749;NA;NA;NA;NA;NA;NA;NA;NA;NA;NA;NA;NA;NA;NA;NA;NA;NA;NA
62;RING;semihonest;replicated-ring;3;NA;NA;NA;NA;NA;NA;NA;NA;NA;NA;NA;NA;NA;0;100;100;0;0.397415;0.57;34;77%;~695;0.529922;1.58977;0.160784;2;0.000269493;0.160784;2;0.0144955;NA;NA;NA;NA;NA;NA;0.369138;691;0.316306;NA;NA;NA;NA;NA;NA;NA;NA;NA;NA;NA;NA;NA;NA;NA;NA;NA;NA
62;RING;semihonest;replicated-ring;3;15.45;448;4;NA;NA;NA;NA;NA;NA;NA;10000;1650000;607;0;25000;100;0;0.256107;0.43;31;84%;~695;0.529922;1.58977;0.160784;2;0.000615925;0.160784;2;0.00267307;NA;NA;NA;NA;NA;NA;0.369138;691;0.203952;NA;NA;NA;NA;NA;NA;NA;NA;NA;NA;NA;NA;NA;NA;NA;NA;NA;NA
62;RING;semihonest;replicated-ring;3;NA;NA;NA;NA;NA;NA;NA;NA;NA;NA;NA;NA;NA;0;25000;100;0;0.336931;0.50;31;94%;~695;0.529922;1.58977;0.160784;2;0.000400116;0.160784;2;0.0016365;NA;NA;NA;NA;NA;NA;0.369138;691;0.280649;NA;NA;NA;NA;NA;NA;NA;NA;NA;NA;NA;NA;NA;NA;NA;NA;NA;NA
62;RING;semihonest;replicated-ring;3;NA;NA;NA;NA;NA;NA;NA;NA;NA;NA;NA;NA;NA;0;25000;100;0;0.335077;0.51;33;91%;~695;0.529922;1.58977;0.160784;2;0.000427196;0.160784;2;0.00306091;NA;NA;NA;NA;NA;NA;0.369138;691;0.27967;NA;NA;NA;NA;NA;NA;NA;NA;NA;NA;NA;NA;NA;NA;NA;NA;NA;NA
62;RING;semihonest;replicated-ring;3;NA;NA;NA;NA;NA;NA;NA;NA;NA;NA;NA;NA;NA;0;25000;100;0;0.26592;0.44;29;83%;~695;0.529922;1.58977;0.160784;2;0.000446375;0.160784;2;0.00246706;NA;NA;NA;NA;NA;NA;0.369138;691;0.224593;NA;NA;NA;NA;NA;NA;NA;NA;NA;NA;NA;NA;NA;NA;NA;NA;NA;NA
62;RING;semihonest;replicated-ring;3;NA;NA;NA;NA;NA;NA;NA;NA;NA;NA;NA;NA;NA;0;25000;100;0;0.351636;0.53;34;87%;~695;0.529922;1.58977;0.160784;2;0.000398963;0.160784;2;0.0015862;NA;NA;NA;NA;NA;NA;0.369138;691;0.302534;NA;NA;NA;NA;NA;NA;NA;NA;NA;NA;NA;NA;NA;NA;NA;NA;NA;NA
62;RING;semihonest;replicated-ring;3;NA;NA;NA;NA;NA;NA;NA;NA;NA;NA;NA;NA;NA;0;25000;100;0;0.294994;0.46;29;87%;~695;0.529922;1.58977;0.160784;2;0.000419001;0.160784;2;0.00164834;NA;NA;NA;NA;NA;NA;0.369138;691;0.24769;NA;NA;NA;NA;NA;NA;NA;NA;NA;NA;NA;NA;NA;NA;NA;NA;NA;NA
62;RING;semihonest;replicated-ring;3;NA;NA;NA;NA;NA;NA;NA;NA;NA;NA;NA;NA;NA;0;25000;100;0;0.317019;0.49;29;82%;~695;0.529922;1.58977;0.160784;2;0.000232353;0.160784;2;0.00330393;NA;NA;NA;NA;NA;NA;0.369138;691;0.258126;NA;NA;NA;NA;NA;NA;NA;NA;NA;NA;NA;NA;NA;NA;NA;NA;NA;NA
62;RING;semihonest;replicated-ring;3;NA;NA;NA;NA;NA;NA;NA;NA;NA;NA;NA;NA;NA;0;25000;100;0;0.238171;0.41;34;81%;~695;0.529922;1.58977;0.160784;2;0.000376684;0.160784;2;0.00328567;NA;NA;NA;NA;NA;NA;0.369138;691;0.184435;NA;NA;NA;NA;NA;NA;NA;NA;NA;NA;NA;NA;NA;NA;NA;NA;NA;NA
62;RING;semihonest;replicated-ring;3;NA;NA;NA;NA;NA;NA;NA;NA;NA;NA;NA;NA;NA;0;25000;100;0;0.274743;0.44;32;88%;~695;0.529922;1.58977;0.160784;2;0.000361977;0.160784;2;0.00275794;NA;NA;NA;NA;NA;NA;0.369138;691;0.218738;NA;NA;NA;NA;NA;NA;NA;NA;NA;NA;NA;NA;NA;NA;NA;NA;NA;NA
62;RING;semihonest;replicated-ring;3;NA;NA;NA;NA;NA;NA;NA;NA;NA;NA;NA;NA;NA;25;25000;100;0;18.0322;20.11;34;3%;~695;0.529922;1.58977;0.160784;2;0.00077488;0.160784;2;0.205653;NA;NA;NA;NA;NA;NA;0.369138;691;17.7321;NA;NA;NA;NA;NA;NA;NA;NA;NA;NA;NA;NA;NA;NA;NA;NA;NA;NA
62;RING;semihonest;replicated-ring;3;NA;NA;NA;NA;NA;NA;NA;NA;NA;NA;NA;NA;NA;25;25000;100;0;18.0798;20.16;32;3%;~695;0.529922;1.58977;0.160784;2;0.000759076;0.160784;2;0.205695;NA;NA;NA;NA;NA;NA;0.369138;691;17.7793;NA;NA;NA;NA;NA;NA;NA;NA;NA;NA;NA;NA;NA;NA;NA;NA;NA;NA
62;RING;semihonest;replicated-ring;3;NA;NA;NA;NA;NA;NA;NA;NA;NA;NA;NA;NA;NA;25;25000;100;0;18.0886;20.17;34;3%;~695;0.529922;1.58977;0.160784;2;0.00077615;0.160784;2;0.205762;NA;NA;NA;NA;NA;NA;0.369138;691;17.7882;NA;NA;NA;NA;NA;NA;NA;NA;NA;NA;NA;NA;NA;NA;NA;NA;NA;NA
62;RING;semihonest;replicated-ring;3;NA;NA;NA;NA;NA;NA;NA;NA;NA;NA;NA;NA;NA;25;25000;100;0;18.0737;20.15;34;3%;~695;0.529922;1.58977;0.160784;2;0.00077018;0.160784;2;0.205104;NA;NA;NA;NA;NA;NA;0.369138;691;17.7741;NA;NA;NA;NA;NA;NA;NA;NA;NA;NA;NA;NA;NA;NA;NA;NA;NA;NA
62;RING;semihonest;replicated-ring;3;NA;NA;NA;NA;NA;NA;NA;NA;NA;NA;NA;NA;NA;25;25000;100;0;18.0894;20.17;34;3%;~695;0.529922;1.58977;0.160784;2;0.000798308;0.160784;2;0.205744;NA;NA;NA;NA;NA;NA;0.369138;691;17.789;NA;NA;NA;NA;NA;NA;NA;NA;NA;NA;NA;NA;NA;NA;NA;NA;NA;NA
62;RING;semihonest;replicated-ring;3;NA;NA;NA;NA;NA;NA;NA;NA;NA;NA;NA;NA;NA;25;25000;100;0;18.0908;20.18;35;3%;~695;0.529922;1.58977;0.160784;2;0.000774227;0.160784;2;0.205277;NA;NA;NA;NA;NA;NA;0.369138;691;17.7906;NA;NA;NA;NA;NA;NA;NA;NA;NA;NA;NA;NA;NA;NA;NA;NA;NA;NA
62;RING;semihonest;replicated-ring;3;NA;NA;NA;NA;NA;NA;NA;NA;NA;NA;NA;NA;NA;25;25000;100;0;18.0897;20.18;33;3%;~695;0.529922;1.58977;0.160784;2;0.000730619;0.160784;2;0.196685;NA;NA;NA;NA;NA;NA;0.369138;691;17.7985;NA;NA;NA;NA;NA;NA;NA;NA;NA;NA;NA;NA;NA;NA;NA;NA;NA;NA
62;RING;semihonest;replicated-ring;3;NA;NA;NA;NA;NA;NA;NA;NA;NA;NA;NA;NA;NA;25;25000;100;0;18.0965;20.17;35;3%;~695;0.529922;1.58977;0.160784;2;0.00077639;0.160784;2;0.205596;NA;NA;NA;NA;NA;NA;0.369138;691;17.796;NA;NA;NA;NA;NA;NA;NA;NA;NA;NA;NA;NA;NA;NA;NA;NA;NA;NA
62;RING;semihonest;replicated-ring;3;NA;NA;NA;NA;NA;NA;NA;NA;NA;NA;NA;NA;NA;25;25000;100;0;18.0741;20.16;34;3%;~695;0.529922;1.58977;0.160784;2;0.000769388;0.160784;2;0.205839;NA;NA;NA;NA;NA;NA;0.369138;691;17.7739;NA;NA;NA;NA;NA;NA;NA;NA;NA;NA;NA;NA;NA;NA;NA;NA;NA;NA
62;RING;semihonest;replicated-ring;3;NA;NA;NA;NA;NA;NA;NA;NA;NA;NA;NA;NA;NA;25;25000;100;0;18.0755;20.17;31;3%;~695;0.529922;1.58977;0.160784;2;0.000773318;0.160784;2;0.20605;NA;NA;NA;NA;NA;NA;0.369138;691;17.7753;NA;NA;NA;NA;NA;NA;NA;NA;NA;NA;NA;NA;NA;NA;NA;NA;NA;NA
62;RING;semihonest;replicated-ring;3;NA;NA;NA;NA;NA;NA;NA;NA;NA;NA;NA;NA;NA;50;25000;100;0;35.7149;39.60;29;1%;~695;0.529922;1.58977;0.160784;2;0.0007578;0.160784;2;0.406236;NA;NA;NA;NA;NA;NA;0.369138;691;35.2148;NA;NA;NA;NA;NA;NA;NA;NA;NA;NA;NA;NA;NA;NA;NA;NA;NA;NA
62;RING;semihonest;replicated-ring;3;NA;NA;NA;NA;NA;NA;NA;NA;NA;NA;NA;NA;NA;50;25000;100;0;35.7153;39.60;35;1%;~695;0.529922;1.58977;0.160784;2;0.00074428;0.160784;2;0.405881;NA;NA;NA;NA;NA;NA;0.369138;691;35.2151;NA;NA;NA;NA;NA;NA;NA;NA;NA;NA;NA;NA;NA;NA;NA;NA;NA;NA
62;RING;semihonest;replicated-ring;3;NA;NA;NA;NA;NA;NA;NA;NA;NA;NA;NA;NA;NA;50;25000;100;0;35.7121;39.60;29;1%;~695;0.529922;1.58977;0.160784;2;0.000768337;0.160784;2;0.405542;NA;NA;NA;NA;NA;NA;0.369138;691;35.2115;NA;NA;NA;NA;NA;NA;NA;NA;NA;NA;NA;NA;NA;NA;NA;NA;NA;NA
62;RING;semihonest;replicated-ring;3;NA;NA;NA;NA;NA;NA;NA;NA;NA;NA;NA;NA;NA;50;25000;100;0;35.6132;39.48;32;1%;~695;0.529922;1.58977;0.160784;2;0.000763428;0.160784;2;0.405768;NA;NA;NA;NA;NA;NA;0.369138;691;35.112;NA;NA;NA;NA;NA;NA;NA;NA;NA;NA;NA;NA;NA;NA;NA;NA;NA;NA
62;RING;semihonest;replicated-ring;3;NA;NA;NA;NA;NA;NA;NA;NA;NA;NA;NA;NA;NA;50;25000;100;0;35.7095;39.59;33;1%;~695;0.529922;1.58977;0.160784;2;0.000758285;0.160784;2;0.405769;NA;NA;NA;NA;NA;NA;0.369138;691;35.2086;NA;NA;NA;NA;NA;NA;NA;NA;NA;NA;NA;NA;NA;NA;NA;NA;NA;NA
62;RING;semihonest;replicated-ring;3;NA;NA;NA;NA;NA;NA;NA;NA;NA;NA;NA;NA;NA;50;25000;100;0;35.7118;39.57;34;1%;~695;0.529922;1.58977;0.160784;2;0.000754487;0.160784;2;0.405738;NA;NA;NA;NA;NA;NA;0.369138;691;35.2113;NA;NA;NA;NA;NA;NA;NA;NA;NA;NA;NA;NA;NA;NA;NA;NA;NA;NA
62;RING;semihonest;replicated-ring;3;NA;NA;NA;NA;NA;NA;NA;NA;NA;NA;NA;NA;NA;50;25000;100;0;35.7011;39.58;34;1%;~695;0.529922;1.58977;0.160784;2;0.000789293;0.160784;2;0.405601;NA;NA;NA;NA;NA;NA;0.369138;691;35.2026;NA;NA;NA;NA;NA;NA;NA;NA;NA;NA;NA;NA;NA;NA;NA;NA;NA;NA
62;RING;semihonest;replicated-ring;3;NA;NA;NA;NA;NA;NA;NA;NA;NA;NA;NA;NA;NA;50;25000;100;0;35.7112;39.59;33;1%;~695;0.529922;1.58977;0.160784;2;0.000774479;0.160784;2;0.405636;NA;NA;NA;NA;NA;NA;0.369138;691;35.2103;NA;NA;NA;NA;NA;NA;NA;NA;NA;NA;NA;NA;NA;NA;NA;NA;NA;NA
62;RING;semihonest;replicated-ring;3;NA;NA;NA;NA;NA;NA;NA;NA;NA;NA;NA;NA;NA;50;25000;100;0;35.7134;39.59;35;1%;~695;0.529922;1.58977;0.160784;2;0.000759244;0.160784;2;0.405636;NA;NA;NA;NA;NA;NA;0.369138;691;35.2122;NA;NA;NA;NA;NA;NA;NA;NA;NA;NA;NA;NA;NA;NA;NA;NA;NA;NA
62;RING;semihonest;replicated-ring;3;NA;NA;NA;NA;NA;NA;NA;NA;NA;NA;NA;NA;NA;50;25000;100;0;35.7185;39.59;29;1%;~695;0.529922;1.58977;0.160784;2;0.000561463;0.160784;2;0.405553;NA;NA;NA;NA;NA;NA;0.369138;691;35.2181;NA;NA;NA;NA;NA;NA;NA;NA;NA;NA;NA;NA;NA;NA;NA;NA;NA;NA
62;RING;semihonest;replicated-ring;3;NA;NA;NA;NA;NA;NA;NA;NA;NA;NA;NA;NA;NA;75;25000;100;0;53.3507;59.04;34;1%;~695;0.529922;1.58977;0.160784;2;0.000806111;0.160784;2;0.605791;NA;NA;NA;NA;NA;NA;0.369138;691;52.6499;NA;NA;NA;NA;NA;NA;NA;NA;NA;NA;NA;NA;NA;NA;NA;NA;NA;NA
62;RING;semihonest;replicated-ring;3;NA;NA;NA;NA;NA;NA;NA;NA;NA;NA;NA;NA;NA;75;25000;100;0;53.3448;59.03;33;1%;~695;0.529922;1.58977;0.160784;2;0.0007629;0.160784;2;0.605631;NA;NA;NA;NA;NA;NA;0.369138;691;52.6434;NA;NA;NA;NA;NA;NA;NA;NA;NA;NA;NA;NA;NA;NA;NA;NA;NA;NA
62;RING;semihonest;replicated-ring;3;NA;NA;NA;NA;NA;NA;NA;NA;NA;NA;NA;NA;NA;75;25000;100;0;53.3314;59.02;33;1%;~695;0.529922;1.58977;0.160784;2;0.000799338;0.160784;2;0.605209;NA;NA;NA;NA;NA;NA;0.369138;691;52.6308;NA;NA;NA;NA;NA;NA;NA;NA;NA;NA;NA;NA;NA;NA;NA;NA;NA;NA
62;RING;semihonest;replicated-ring;3;NA;NA;NA;NA;NA;NA;NA;NA;NA;NA;NA;NA;NA;75;25000;100;0;53.3529;59.04;32;1%;~695;0.529922;1.58977;0.160784;2;0.000795935;0.160784;2;0.605745;NA;NA;NA;NA;NA;NA;0.369138;691;52.6522;NA;NA;NA;NA;NA;NA;NA;NA;NA;NA;NA;NA;NA;NA;NA;NA;NA;NA
62;RING;semihonest;replicated-ring;3;NA;NA;NA;NA;NA;NA;NA;NA;NA;NA;NA;NA;NA;75;25000;100;0;53.3401;59.02;33;1%;~695;0.529922;1.58977;0.160784;2;0.000771748;0.160784;2;0.605886;NA;NA;NA;NA;NA;NA;0.369138;691;52.6387;NA;NA;NA;NA;NA;NA;NA;NA;NA;NA;NA;NA;NA;NA;NA;NA;NA;NA
62;RING;semihonest;replicated-ring;3;NA;NA;NA;NA;NA;NA;NA;NA;NA;NA;NA;NA;NA;75;25000;100;0;53.3203;59.00;32;1%;~695;0.529922;1.58977;0.160784;2;0.000806665;0.160784;2;0.605703;NA;NA;NA;NA;NA;NA;0.369138;691;52.6193;NA;NA;NA;NA;NA;NA;NA;NA;NA;NA;NA;NA;NA;NA;NA;NA;NA;NA
62;RING;semihonest;replicated-ring;3;NA;NA;NA;NA;NA;NA;NA;NA;NA;NA;NA;NA;NA;75;25000;100;0;53.3369;59.02;29;1%;~695;0.529922;1.58977;0.160784;2;0.000768179;0.160784;2;0.605693;NA;NA;NA;NA;NA;NA;0.369138;691;52.6358;NA;NA;NA;NA;NA;NA;NA;NA;NA;NA;NA;NA;NA;NA;NA;NA;NA;NA
62;RING;semihonest;replicated-ring;3;NA;NA;NA;NA;NA;NA;NA;NA;NA;NA;NA;NA;NA;75;25000;100;0;53.3531;59.04;34;1%;~695;0.529922;1.58977;0.160784;2;0.000776865;0.160784;2;0.605784;NA;NA;NA;NA;NA;NA;0.369138;691;52.6521;NA;NA;NA;NA;NA;NA;NA;NA;NA;NA;NA;NA;NA;NA;NA;NA;NA;NA
62;RING;semihonest;replicated-ring;3;NA;NA;NA;NA;NA;NA;NA;NA;NA;NA;NA;NA;NA;75;25000;100;0;53.3428;59.03;35;1%;~695;0.529922;1.58977;0.160784;2;0.000784913;0.160784;2;0.605905;NA;NA;NA;NA;NA;NA;0.369138;691;52.6419;NA;NA;NA;NA;NA;NA;NA;NA;NA;NA;NA;NA;NA;NA;NA;NA;NA;NA
62;RING;semihonest;replicated-ring;3;NA;NA;NA;NA;NA;NA;NA;NA;NA;NA;NA;NA;NA;75;25000;100;0;53.3223;59.00;33;1%;~695;0.529922;1.58977;0.160784;2;0.000768499;0.160784;2;0.455418;NA;NA;NA;NA;NA;NA;0.369138;691;52.7718;NA;NA;NA;NA;NA;NA;NA;NA;NA;NA;NA;NA;NA;NA;NA;NA;NA;NA
62;RING;semidishonest;semi2k;3;14.92;448;4;NA;NA;NA;NA;NA;NA;NA;10000;1650000;607;0;25000;100;0;36.2645;36.51;99;264%;~39028;249.127;744.631;2.75078;1422;0.0314383;2.75078;1422;0.292286;NA;NA;NA;NA;NA;NA;NA;NA;NA;NA;NA;NA;one-to-one;in;taking;126.26;9864;2.87623;120.116;13160;0;120.116;13160;0;NA;NA;NA
62;RING;semidishonest;semi2k;3;NA;NA;NA;NA;NA;NA;NA;NA;NA;NA;NA;NA;NA;0;25000;100;0;36.4957;36.74;98;263%;~39028;249.127;744.631;2.75078;1422;0.0313976;2.75078;1422;0.282556;NA;NA;NA;NA;NA;NA;NA;NA;NA;NA;NA;NA;one-to-one;in;taking;126.26;9864;3.20575;120.116;13160;0;120.116;13160;0;NA;NA;NA
62;RING;semidishonest;semi2k;3;NA;NA;NA;NA;NA;NA;NA;NA;NA;NA;NA;NA;NA;0;25000;100;0;36.2268;36.48;98;262%;~39028;249.127;744.631;2.75078;1422;0.0328167;2.75078;1422;0.30127;NA;NA;NA;NA;NA;NA;NA;NA;NA;NA;NA;NA;one-to-one;in;taking;126.26;9864;3.36112;120.116;13160;0;120.116;13160;0;NA;NA;NA
62;RING;semidishonest;semi2k;3;NA;NA;NA;NA;NA;NA;NA;NA;NA;NA;NA;NA;NA;0;25000;100;0;36.5534;36.79;107;262%;~39028;249.127;744.631;2.75078;1422;0.0315305;2.75078;1422;0.290695;NA;NA;NA;NA;NA;NA;NA;NA;NA;NA;NA;NA;one-to-one;in;taking;126.26;9864;2.97778;120.116;13160;0;120.116;13160;0;NA;NA;NA
62;RING;semidishonest;semi2k;3;NA;NA;NA;NA;NA;NA;NA;NA;NA;NA;NA;NA;NA;0;25000;100;0;36.4652;36.72;95;263%;~39028;249.127;744.631;2.75078;1422;0.0320211;2.75078;1422;0.311663;NA;NA;NA;NA;NA;NA;NA;NA;NA;NA;NA;NA;one-to-one;in;taking;126.26;9864;3.14066;120.116;13160;0;120.116;13160;0;NA;NA;NA
62;RING;semidishonest;semi2k;3;NA;NA;NA;NA;NA;NA;NA;NA;NA;NA;NA;NA;NA;0;25000;100;0;36.4187;36.66;99;263%;~39028;249.127;744.631;2.75078;1422;0.0327926;2.75078;1422;0.301027;NA;NA;NA;NA;NA;NA;NA;NA;NA;NA;NA;NA;one-to-one;in;taking;126.26;9864;2.86683;120.116;13160;0;120.116;13160;0;NA;NA;NA
62;RING;semidishonest;semi2k;3;NA;NA;NA;NA;NA;NA;NA;NA;NA;NA;NA;NA;NA;0;25000;100;0;36.5213;36.76;97;262%;~39028;249.127;744.631;2.75078;1422;0.032259;2.75078;1422;0.28582;NA;NA;NA;NA;NA;NA;NA;NA;NA;NA;NA;NA;one-to-one;in;taking;126.26;9864;3.01742;120.116;13160;0;120.116;13160;0;NA;NA;NA
62;RING;semidishonest;semi2k;3;NA;NA;NA;NA;NA;NA;NA;NA;NA;NA;NA;NA;NA;0;25000;100;0;36.7417;36.99;100;263%;~39028;249.127;744.631;2.75078;1422;0.0319864;2.75078;1422;0.288481;NA;NA;NA;NA;NA;NA;NA;NA;NA;NA;NA;NA;one-to-one;in;taking;126.26;9864;2.8866;120.116;13160;0;120.116;13160;0;NA;NA;NA
62;RING;semidishonest;semi2k;3;NA;NA;NA;NA;NA;NA;NA;NA;NA;NA;NA;NA;NA;0;25000;100;0;36.279;36.52;103;259%;~39028;249.127;744.631;2.75078;1422;0.032114;2.75078;1422;0.307786;NA;NA;NA;NA;NA;NA;NA;NA;NA;NA;NA;NA;one-to-one;in;taking;126.26;9864;3.37156;120.116;13160;0;120.116;13160;0;NA;NA;NA
62;RING;semidishonest;semi2k;3;NA;NA;NA;NA;NA;NA;NA;NA;NA;NA;NA;NA;NA;0;25000;100;0;36.4198;36.66;101;261%;~39028;249.127;744.631;2.75078;1422;0.0321353;2.75078;1422;0.284393;NA;NA;NA;NA;NA;NA;NA;NA;NA;NA;NA;NA;one-to-one;in;taking;126.26;9864;3.11006;120.116;13160;0;120.116;13160;0;NA;NA;NA
62;RING;semidishonest;semi2k;3;NA;NA;NA;NA;NA;NA;NA;NA;NA;NA;NA;NA;NA;0;25000;100;1;75.8449;76.10;96;125%;~39028;249.127;744.631;2.75078;1422;0.0346278;2.75078;1422;1.95045;NA;NA;NA;NA;NA;NA;NA;NA;NA;NA;NA;NA;one-to-one;in;taking;126.26;9864;28.0337;120.116;13160;0;120.116;13160;0;NA;NA;NA
62;RING;semidishonest;semi2k;3;NA;NA;NA;NA;NA;NA;NA;NA;NA;NA;NA;NA;NA;0;25000;100;1;73.6278;74.91;101;125%;~39028;249.127;744.631;2.75078;1422;0.0342526;2.75078;1422;1.74005;NA;NA;NA;NA;NA;NA;NA;NA;NA;NA;NA;NA;one-to-one;in;taking;126.26;9864;27.951;120.116;13160;0;120.116;13160;0;NA;NA;NA
62;RING;semidishonest;semi2k;3;NA;NA;NA;NA;NA;NA;NA;NA;NA;NA;NA;NA;NA;0;25000;100;1;78.4927;78.76;97;119%;~39028;249.127;744.631;2.75078;1422;0.0347192;2.75078;1422;1.67417;NA;NA;NA;NA;NA;NA;NA;NA;NA;NA;NA;NA;one-to-one;in;taking;126.26;9864;28.3855;120.116;13160;0;120.116;13160;0;NA;NA;NA
62;RING;semidishonest;semi2k;3;NA;NA;NA;NA;NA;NA;NA;NA;NA;NA;NA;NA;NA;0;25000;100;1;75.7701;77.30;105;124%;~39028;249.127;744.631;2.75078;1422;0.0350383;2.75078;1422;1.65828;NA;NA;NA;NA;NA;NA;NA;NA;NA;NA;NA;NA;one-to-one;in;taking;126.26;9864;32.3547;120.116;13160;0;120.116;13160;0;NA;NA;NA
62;RING;semidishonest;semi2k;3;NA;NA;NA;NA;NA;NA;NA;NA;NA;NA;NA;NA;NA;0;25000;100;1;70.8536;72.14;97;132%;~39028;249.127;744.631;2.75078;1422;0.0351664;2.75078;1422;1.9966;NA;NA;NA;NA;NA;NA;NA;NA;NA;NA;NA;NA;one-to-one;in;taking;126.26;9864;24.6489;120.116;13160;0;120.116;13160;0;NA;NA;NA
62;RING;semidishonest;semi2k;3;NA;NA;NA;NA;NA;NA;NA;NA;NA;NA;NA;NA;NA;0;25000;100;1;76.5171;78.00;105;121%;~39028;249.127;744.631;2.75078;1422;0.0353124;2.75078;1422;2.38491;NA;NA;NA;NA;NA;NA;NA;NA;NA;NA;NA;NA;one-to-one;in;taking;126.26;9864;31.0846;120.116;13160;0;120.116;13160;0;NA;NA;NA
62;RING;semidishonest;semi2k;3;NA;NA;NA;NA;NA;NA;NA;NA;NA;NA;NA;NA;NA;0;25000;100;1;74.2439;74.91;93;126%;~39028;249.127;744.631;2.75078;1422;0.0348203;2.75078;1422;1.72344;NA;NA;NA;NA;NA;NA;NA;NA;NA;NA;NA;NA;one-to-one;in;taking;126.26;9864;28.7467;120.116;13160;0;120.116;13160;0;NA;NA;NA
62;RING;semidishonest;semi2k;3;NA;NA;NA;NA;NA;NA;NA;NA;NA;NA;NA;NA;NA;0;25000;100;1;75.2428;75.49;105;126%;~39028;249.127;744.631;2.75078;1422;0.0354551;2.75078;1422;2.21889;NA;NA;NA;NA;NA;NA;NA;NA;NA;NA;NA;NA;one-to-one;in;taking;126.26;9864;27.4456;120.116;13160;0;120.116;13160;0;NA;NA;NA
62;RING;semidishonest;semi2k;3;NA;NA;NA;NA;NA;NA;NA;NA;NA;NA;NA;NA;NA;0;25000;100;1;74.9402;75.40;99;125%;~39028;249.127;744.631;2.75078;1422;0.0347626;2.75078;1422;1.39204;NA;NA;NA;NA;NA;NA;NA;NA;NA;NA;NA;NA;one-to-one;in;taking;126.26;9864;30.2712;120.116;13160;0;120.116;13160;0;NA;NA;NA
62;RING;semidishonest;semi2k;3;NA;NA;NA;NA;NA;NA;NA;NA;NA;NA;NA;NA;NA;0;25000;100;1;71.605;72.88;95;130%;~39028;249.127;744.631;2.75078;1422;0.03479;2.75078;1422;1.88895;NA;NA;NA;NA;NA;NA;NA;NA;NA;NA;NA;NA;one-to-one;in;taking;126.26;9864;25.5196;120.116;13160;0;120.116;13160;0;NA;NA;NA
62;RING;semidishonest;semi2k;3;NA;NA;NA;NA;NA;NA;NA;NA;NA;NA;NA;NA;NA;0;25000;100;2;129.579;131.10;96;71%;~39028;249.127;744.631;2.75078;1422;0.0364446;2.75078;1422;4.5735;NA;NA;NA;NA;NA;NA;NA;NA;NA;NA;NA;NA;one-to-one;in;taking;126.26;9864;64.6075;120.116;13160;0;120.116;13160;0;NA;NA;NA
62;RING;semidishonest;semi2k;3;NA;NA;NA;NA;NA;NA;NA;NA;NA;NA;NA;NA;NA;0;25000;100;2;130.524;131.00;96;71%;~39028;249.127;744.631;2.75078;1422;0.0358379;2.75078;1422;4.50993;NA;NA;NA;NA;NA;NA;NA;NA;NA;NA;NA;NA;one-to-one;in;taking;126.26;9864;63.1121;120.116;13160;0;120.116;13160;0;NA;NA;NA
62;RING;semidishonest;semi2k;3;NA;NA;NA;NA;NA;NA;NA;NA;NA;NA;NA;NA;NA;0;25000;100;2;124.529;125.00;96;74%;~39028;249.127;744.631;2.75078;1422;0.035409;2.75078;1422;4.23429;NA;NA;NA;NA;NA;NA;NA;NA;NA;NA;NA;NA;one-to-one;in;taking;126.26;9864;56.4961;120.116;13160;0;120.116;13160;0;NA;NA;NA
62;RING;semidishonest;semi2k;3;NA;NA;NA;NA;NA;NA;NA;NA;NA;NA;NA;NA;NA;0;25000;100;2;120.708;120.97;101;75%;~39028;249.127;744.631;2.75078;1422;0.0359755;2.75078;1422;3.34801;NA;NA;NA;NA;NA;NA;NA;NA;NA;NA;NA;NA;one-to-one;in;taking;126.26;9864;61.0808;120.116;13160;0;120.116;13160;0;NA;NA;NA
62;RING;semidishonest;semi2k;3;NA;NA;NA;NA;NA;NA;NA;NA;NA;NA;NA;NA;NA;0;25000;100;2;126.606;127.09;100;73%;~39028;249.127;744.631;2.75078;1422;0.0360424;2.75078;1422;3.79541;NA;NA;NA;NA;NA;NA;NA;NA;NA;NA;NA;NA;one-to-one;in;taking;126.26;9864;61.3171;120.116;13160;0;120.116;13160;0;NA;NA;NA
62;RING;semidishonest;semi2k;3;NA;NA;NA;NA;NA;NA;NA;NA;NA;NA;NA;NA;NA;0;25000;100;2;131.763;132.43;100;70%;~39028;249.127;744.631;2.75078;1422;0.0353772;2.75078;1422;2.22761;NA;NA;NA;NA;NA;NA;NA;NA;NA;NA;NA;NA;one-to-one;in;taking;126.26;9864;61.9748;120.116;13160;0;120.116;13160;0;NA;NA;NA
62;RING;semidishonest;semi2k;3;NA;NA;NA;NA;NA;NA;NA;NA;NA;NA;NA;NA;NA;0;25000;100;2;126.136;127.68;97;72%;~39028;249.127;744.631;2.75078;1422;0.0361969;2.75078;1422;4.12177;NA;NA;NA;NA;NA;NA;NA;NA;NA;NA;NA;NA;one-to-one;in;taking;126.26;9864;63.6501;120.116;13160;0;120.116;13160;0;NA;NA;NA
62;RING;semidishonest;semi2k;3;NA;NA;NA;NA;NA;NA;NA;NA;NA;NA;NA;NA;NA;0;25000;100;2;129.522;130.08;98;71%;~39028;249.127;744.631;2.75078;1422;0.0356698;2.75078;1422;3.17866;NA;NA;NA;NA;NA;NA;NA;NA;NA;NA;NA;NA;one-to-one;in;taking;126.26;9864;60.2047;120.116;13160;0;120.116;13160;0;NA;NA;NA
62;RING;semidishonest;semi2k;3;NA;NA;NA;NA;NA;NA;NA;NA;NA;NA;NA;NA;NA;0;25000;100;2;127.85;128.33;96;72%;~39028;249.127;744.631;2.75078;1422;0.036234;2.75078;1422;5.63514;NA;NA;NA;NA;NA;NA;NA;NA;NA;NA;NA;NA;one-to-one;in;taking;126.26;9864;63.7481;120.116;13160;0;120.116;13160;0;NA;NA;NA
62;RING;semidishonest;semi2k;3;NA;NA;NA;NA;NA;NA;NA;NA;NA;NA;NA;NA;NA;0;25000;100;2;125.435;125.74;101;74%;~39028;249.127;744.631;2.75078;1422;0.0359147;2.75078;1422;4.46495;NA;NA;NA;NA;NA;NA;NA;NA;NA;NA;NA;NA;one-to-one;in;taking;126.26;9864;61.6038;120.116;13160;0;120.116;13160;0;NA;NA;NA
62;RING;semidishonest;semi2k;3;15.40;448;4;NA;NA;NA;NA;NA;NA;NA;10000;1650000;607;0;25000;100;0;36.2603;36.47;98;262%;~39028;249.127;744.631;2.75078;1422;0.0316163;2.75078;1422;0.274519;NA;NA;NA;NA;NA;NA;NA;NA;NA;NA;NA;NA;one-to-one;in;taking;126.26;9864;3.0101;120.116;13160;0;120.116;13160;0;NA;NA;NA
62;RING;semidishonest;semi2k;3;NA;NA;NA;NA;NA;NA;NA;NA;NA;NA;NA;NA;NA;0;25000;100;0;36.2772;36.53;101;259%;~39028;249.127;744.631;2.75078;1422;0.0309785;2.75078;1422;0.293679;NA;NA;NA;NA;NA;NA;NA;NA;NA;NA;NA;NA;one-to-one;in;taking;126.26;9864;3.20789;120.116;13160;0;120.116;13160;0;NA;NA;NA
62;RING;semidishonest;semi2k;3;NA;NA;NA;NA;NA;NA;NA;NA;NA;NA;NA;NA;NA;0;25000;100;0;36.439;36.69;93;262%;~39028;249.127;744.631;2.75078;1422;0.032056;2.75078;1422;0.288557;NA;NA;NA;NA;NA;NA;NA;NA;NA;NA;NA;NA;one-to-one;in;taking;126.26;9864;2.93122;120.116;13160;0;120.116;13160;0;NA;NA;NA
62;RING;semidishonest;semi2k;3;NA;NA;NA;NA;NA;NA;NA;NA;NA;NA;NA;NA;NA;0;25000;100;0;36.4185;36.66;99;263%;~39028;249.127;744.631;2.75078;1422;0.0325019;2.75078;1422;0.289455;NA;NA;NA;NA;NA;NA;NA;NA;NA;NA;NA;NA;one-to-one;in;taking;126.26;9864;3.10811;120.116;13160;0;120.116;13160;0;NA;NA;NA
62;RING;semidishonest;semi2k;3;NA;NA;NA;NA;NA;NA;NA;NA;NA;NA;NA;NA;NA;0;25000;100;0;36.4921;36.75;99;261%;~39028;249.127;744.631;2.75078;1422;0.0324245;2.75078;1422;0.295563;NA;NA;NA;NA;NA;NA;NA;NA;NA;NA;NA;NA;one-to-one;in;taking;126.26;9864;3.04484;120.116;13160;0;120.116;13160;0;NA;NA;NA
62;RING;semidishonest;semi2k;3;NA;NA;NA;NA;NA;NA;NA;NA;NA;NA;NA;NA;NA;0;25000;100;0;36.3458;36.59;95;261%;~39028;249.127;744.631;2.75078;1422;0.0314657;2.75078;1422;0.263688;NA;NA;NA;NA;NA;NA;NA;NA;NA;NA;NA;NA;one-to-one;in;taking;126.26;9864;2.95725;120.116;13160;0;120.116;13160;0;NA;NA;NA
62;RING;semidishonest;semi2k;3;NA;NA;NA;NA;NA;NA;NA;NA;NA;NA;NA;NA;NA;0;25000;100;0;36.446;36.69;103;262%;~39028;249.127;744.631;2.75078;1422;0.0322921;2.75078;1422;0.292479;NA;NA;NA;NA;NA;NA;NA;NA;NA;NA;NA;NA;one-to-one;in;taking;126.26;9864;3.18663;120.116;13160;0;120.116;13160;0;NA;NA;NA
62;RING;semidishonest;semi2k;3;NA;NA;NA;NA;NA;NA;NA;NA;NA;NA;NA;NA;NA;0;25000;100;0;36.6463;36.89;99;261%;~39028;249.127;744.631;2.75078;1422;0.0315625;2.75078;1422;0.278251;NA;NA;NA;NA;NA;NA;NA;NA;NA;NA;NA;NA;one-to-one;in;taking;126.26;9864;3.09508;120.116;13160;0;120.116;13160;0;NA;NA;NA
62;RING;semidishonest;semi2k;3;NA;NA;NA;NA;NA;NA;NA;NA;NA;NA;NA;NA;NA;0;25000;100;0;36.3966;36.64;99;263%;~39028;249.127;744.631;2.75078;1422;0.033118;2.75078;1422;0.280695;NA;NA;NA;NA;NA;NA;NA;NA;NA;NA;NA;NA;one-to-one;in;taking;126.26;9864;3.0401;120.116;13160;0;120.116;13160;0;NA;NA;NA
62;RING;semidishonest;semi2k;3;NA;NA;NA;NA;NA;NA;NA;NA;NA;NA;NA;NA;NA;0;25000;100;0;36.3061;36.56;105;249%;~39028;249.127;744.631;2.75078;1422;0.0322223;2.75078;1422;0.309349;NA;NA;NA;NA;NA;NA;NA;NA;NA;NA;NA;NA;one-to-one;in;taking;126.26;9864;4.04285;120.116;13160;0;120.116;13160;0;NA;NA;NA
62;RING;semidishonest;semi2k;3;NA;NA;NA;NA;NA;NA;NA;NA;NA;NA;NA;NA;NA;0;10000;100;0;36.2848;36.53;102;262%;~39028;249.127;744.631;2.75078;1422;0.0315845;2.75078;1422;0.282171;NA;NA;NA;NA;NA;NA;NA;NA;NA;NA;NA;NA;one-to-one;in;taking;126.26;9864;3.25905;120.116;13160;0;120.116;13160;0;NA;NA;NA
62;RING;semidishonest;semi2k;3;NA;NA;NA;NA;NA;NA;NA;NA;NA;NA;NA;NA;NA;0;10000;100;0;36.5995;36.86;91;263%;~39028;249.127;744.631;2.75078;1422;0.0317426;2.75078;1422;0.287826;NA;NA;NA;NA;NA;NA;NA;NA;NA;NA;NA;NA;one-to-one;in;taking;126.26;9864;3.03298;120.116;13160;0;120.116;13160;0;NA;NA;NA
62;RING;semidishonest;semi2k;3;NA;NA;NA;NA;NA;NA;NA;NA;NA;NA;NA;NA;NA;0;10000;100;0;36.357;36.61;100;261%;~39028;249.127;744.631;2.75078;1422;0.0323689;2.75078;1422;0.273822;NA;NA;NA;NA;NA;NA;NA;NA;NA;NA;NA;NA;one-to-one;in;taking;126.26;9864;3.31443;120.116;13160;0;120.116;13160;0;NA;NA;NA
62;RING;semidishonest;semi2k;3;NA;NA;NA;NA;NA;NA;NA;NA;NA;NA;NA;NA;NA;0;10000;100;0;36.3781;36.63;99;263%;~39028;249.127;744.631;2.75078;1422;0.0325164;2.75078;1422;0.289016;NA;NA;NA;NA;NA;NA;NA;NA;NA;NA;NA;NA;one-to-one;in;taking;126.26;9864;2.86262;120.116;13160;0;120.116;13160;0;NA;NA;NA
62;RING;semidishonest;semi2k;3;NA;NA;NA;NA;NA;NA;NA;NA;NA;NA;NA;NA;NA;0;10000;100;0;36.2049;36.45;101;263%;~39028;249.127;744.631;2.75078;1422;0.0330089;2.75078;1422;0.303077;NA;NA;NA;NA;NA;NA;NA;NA;NA;NA;NA;NA;one-to-one;in;taking;126.26;9864;3.05194;120.116;13160;0;120.116;13160;0;NA;NA;NA
62;RING;semidishonest;semi2k;3;NA;NA;NA;NA;NA;NA;NA;NA;NA;NA;NA;NA;NA;0;10000;100;0;36.0485;36.29;96;258%;~39028;249.127;744.631;2.75078;1422;0.0318384;2.75078;1422;0.287517;NA;NA;NA;NA;NA;NA;NA;NA;NA;NA;NA;NA;one-to-one;in;taking;126.26;9864;3.45209;120.116;13160;0;120.116;13160;0;NA;NA;NA
62;RING;semidishonest;semi2k;3;NA;NA;NA;NA;NA;NA;NA;NA;NA;NA;NA;NA;NA;0;10000;100;0;36.2365;36.48;104;261%;~39028;249.127;744.631;2.75078;1422;0.0317542;2.75078;1422;0.294364;NA;NA;NA;NA;NA;NA;NA;NA;NA;NA;NA;NA;one-to-one;in;taking;126.26;9864;3.09406;120.116;13160;0;120.116;13160;0;NA;NA;NA
62;RING;semidishonest;semi2k;3;NA;NA;NA;NA;NA;NA;NA;NA;NA;NA;NA;NA;NA;0;10000;100;0;36.4693;36.72;100;262%;~39028;249.127;744.631;2.75078;1422;0.0323294;2.75078;1422;0.290838;NA;NA;NA;NA;NA;NA;NA;NA;NA;NA;NA;NA;one-to-one;in;taking;126.26;9864;2.93964;120.116;13160;0;120.116;13160;0;NA;NA;NA
62;RING;semidishonest;semi2k;3;NA;NA;NA;NA;NA;NA;NA;NA;NA;NA;NA;NA;NA;0;10000;100;0;36.4118;36.66;96;263%;~39028;249.127;744.631;2.75078;1422;0.0313498;2.75078;1422;0.26732;NA;NA;NA;NA;NA;NA;NA;NA;NA;NA;NA;NA;one-to-one;in;taking;126.26;9864;3.1672;120.116;13160;0;120.116;13160;0;NA;NA;NA
62;RING;semidishonest;semi2k;3;NA;NA;NA;NA;NA;NA;NA;NA;NA;NA;NA;NA;NA;0;10000;100;0;36.4837;36.73;101;261%;~39028;249.127;744.631;2.75078;1422;0.0321009;2.75078;1422;0.304649;NA;NA;NA;NA;NA;NA;NA;NA;NA;NA;NA;NA;one-to-one;in;taking;126.26;9864;3.11269;120.116;13160;0;120.116;13160;0;NA;NA;NA
62;RING;semidishonest;semi2k;3;NA;NA;NA;NA;NA;NA;NA;NA;NA;NA;NA;NA;NA;0;1000;100;0;37.4967;37.74;98;257%;~39028;249.127;744.631;2.75078;1422;0.0306892;2.75078;1422;0.323152;NA;NA;NA;NA;NA;NA;NA;NA;NA;NA;NA;NA;one-to-one;in;taking;126.26;9864;3.9351;120.116;13160;0;120.116;13160;0;NA;NA;NA
62;RING;semidishonest;semi2k;3;NA;NA;NA;NA;NA;NA;NA;NA;NA;NA;NA;NA;NA;0;1000;100;0;37.4596;37.71;97;256%;~39028;249.127;744.631;2.75078;1422;0.0299989;2.75078;1422;0.297962;NA;NA;NA;NA;NA;NA;NA;NA;NA;NA;NA;NA;one-to-one;in;taking;126.26;9864;4.04439;120.116;13160;0;120.116;13160;0;NA;NA;NA
62;RING;semidishonest;semi2k;3;NA;NA;NA;NA;NA;NA;NA;NA;NA;NA;NA;NA;NA;0;1000;100;0;37.2388;37.48;93;257%;~39028;249.127;744.631;2.75078;1422;0.0314021;2.75078;1422;0.30972;NA;NA;NA;NA;NA;NA;NA;NA;NA;NA;NA;NA;one-to-one;in;taking;126.26;9864;3.93213;120.116;13160;0;120.116;13160;0;NA;NA;NA
62;RING;semidishonest;semi2k;3;NA;NA;NA;NA;NA;NA;NA;NA;NA;NA;NA;NA;NA;0;1000;100;0;37.6043;37.85;107;257%;~39028;249.127;744.631;2.75078;1422;0.0307075;2.75078;1422;0.305287;NA;NA;NA;NA;NA;NA;NA;NA;NA;NA;NA;NA;one-to-one;in;taking;126.26;9864;3.95247;120.116;13160;0;120.116;13160;0;NA;NA;NA
62;RING;semidishonest;semi2k;3;NA;NA;NA;NA;NA;NA;NA;NA;NA;NA;NA;NA;NA;0;1000;100;0;37.6505;37.90;93;255%;~39028;249.127;744.631;2.75078;1422;0.0303553;2.75078;1422;0.300174;NA;NA;NA;NA;NA;NA;NA;NA;NA;NA;NA;NA;one-to-one;in;taking;126.26;9864;4.08626;120.116;13160;0;120.116;13160;0;NA;NA;NA
62;RING;semidishonest;semi2k;3;NA;NA;NA;NA;NA;NA;NA;NA;NA;NA;NA;NA;NA;0;1000;100;0;37.5676;37.82;99;257%;~39028;249.127;744.631;2.75078;1422;0.0304692;2.75078;1422;0.322702;NA;NA;NA;NA;NA;NA;NA;NA;NA;NA;NA;NA;one-to-one;in;taking;126.26;9864;3.76092;120.116;13160;0;120.116;13160;0;NA;NA;NA
62;RING;semidishonest;semi2k;3;NA;NA;NA;NA;NA;NA;NA;NA;NA;NA;NA;NA;NA;0;1000;100;0;37.5826;37.83;102;258%;~39028;249.127;744.631;2.75078;1422;0.0307204;2.75078;1422;0.305059;NA;NA;NA;NA;NA;NA;NA;NA;NA;NA;NA;NA;one-to-one;in;taking;126.26;9864;3.78981;120.116;13160;0;120.116;13160;0;NA;NA;NA
62;RING;semidishonest;semi2k;3;NA;NA;NA;NA;NA;NA;NA;NA;NA;NA;NA;NA;NA;0;1000;100;0;37.3996;37.65;100;256%;~39028;249.127;744.631;2.75078;1422;0.0311992;2.75078;1422;0.329954;NA;NA;NA;NA;NA;NA;NA;NA;NA;NA;NA;NA;one-to-one;in;taking;126.26;9864;3.93724;120.116;13160;0;120.116;13160;0;NA;NA;NA
62;RING;semidishonest;semi2k;3;NA;NA;NA;NA;NA;NA;NA;NA;NA;NA;NA;NA;NA;0;1000;100;0;37.4958;37.76;100;253%;~39028;249.127;744.631;2.75078;1422;0.0305528;2.75078;1422;0.301206;NA;NA;NA;NA;NA;NA;NA;NA;NA;NA;NA;NA;one-to-one;in;taking;126.26;9864;4.22864;120.116;13160;0;120.116;13160;0;NA;NA;NA
62;RING;semidishonest;semi2k;3;NA;NA;NA;NA;NA;NA;NA;NA;NA;NA;NA;NA;NA;0;1000;100;0;37.6195;37.87;99;257%;~39028;249.127;744.631;2.75078;1422;0.0309776;2.75078;1422;0.321149;NA;NA;NA;NA;NA;NA;NA;NA;NA;NA;NA;NA;one-to-one;in;taking;126.26;9864;3.94094;120.116;13160;0;120.116;13160;0;NA;NA;NA
62;RING;semidishonest;semi2k;3;NA;NA;NA;NA;NA;NA;NA;NA;NA;NA;NA;NA;NA;0;100;100;0;46.8674;47.12;105;202%;~39028;249.127;744.631;2.75078;1422;0.0295583;2.75078;1422;0.399998;NA;NA;NA;NA;NA;NA;NA;NA;NA;NA;NA;NA;one-to-one;in;taking;126.26;9864;13.3152;120.116;13160;0;120.116;13160;0;NA;NA;NA
62;RING;semidishonest;semi2k;3;NA;NA;NA;NA;NA;NA;NA;NA;NA;NA;NA;NA;NA;0;100;100;0;46.9035;47.17;99;200%;~39028;249.127;744.631;2.75078;1422;0.0300424;2.75078;1422;0.617544;NA;NA;NA;NA;NA;NA;NA;NA;NA;NA;NA;NA;one-to-one;in;taking;126.26;9864;13.2306;120.116;13160;0;120.116;13160;0;NA;NA;NA
62;RING;semidishonest;semi2k;3;NA;NA;NA;NA;NA;NA;NA;NA;NA;NA;NA;NA;NA;0;100;100;0;46.9961;47.25;103;202%;~39028;249.127;744.631;2.75078;1422;0.0293217;2.75078;1422;0.595862;NA;NA;NA;NA;NA;NA;NA;NA;NA;NA;NA;NA;one-to-one;in;taking;126.26;9864;13.1571;120.116;13160;0;120.116;13160;0;NA;NA;NA
62;RING;semidishonest;semi2k;3;NA;NA;NA;NA;NA;NA;NA;NA;NA;NA;NA;NA;NA;0;100;100;0;47.205;47.46;105;201%;~39028;249.127;744.631;2.75078;1422;0.0297355;2.75078;1422;0.562797;NA;NA;NA;NA;NA;NA;NA;NA;NA;NA;NA;NA;one-to-one;in;taking;126.26;9864;13.3335;120.116;13160;0;120.116;13160;0;NA;NA;NA
62;RING;semidishonest;semi2k;3;NA;NA;NA;NA;NA;NA;NA;NA;NA;NA;NA;NA;NA;0;100;100;0;47.4094;47.66;99;202%;~39028;249.127;744.631;2.75078;1422;0.0289176;2.75078;1422;0.758552;NA;NA;NA;NA;NA;NA;NA;NA;NA;NA;NA;NA;one-to-one;in;taking;126.26;9864;12.9154;120.116;13160;0;120.116;13160;0;NA;NA;NA
62;RING;semidishonest;semi2k;3;NA;NA;NA;NA;NA;NA;NA;NA;NA;NA;NA;NA;NA;0;100;100;0;47.2587;47.51;98;201%;~39028;249.127;744.631;2.75078;1422;0.0295187;2.75078;1422;0.403452;NA;NA;NA;NA;NA;NA;NA;NA;NA;NA;NA;NA;one-to-one;in;taking;126.26;9864;13.4838;120.116;13160;0;120.116;13160;0;NA;NA;NA
62;RING;semidishonest;semi2k;3;NA;NA;NA;NA;NA;NA;NA;NA;NA;NA;NA;NA;NA;0;100;100;0;46.7568;47.01;111;199%;~39028;249.127;744.631;2.75078;1422;0.0291478;2.75078;1422;0.481598;NA;NA;NA;NA;NA;NA;NA;NA;NA;NA;NA;NA;one-to-one;in;taking;126.26;9864;13.5971;120.116;13160;0;120.116;13160;0;NA;NA;NA
62;RING;semidishonest;semi2k;3;NA;NA;NA;NA;NA;NA;NA;NA;NA;NA;NA;NA;NA;0;100;100;0;46.9372;47.19;94;202%;~39028;249.127;744.631;2.75078;1422;0.0285303;2.75078;1422;0.61319;NA;NA;NA;NA;NA;NA;NA;NA;NA;NA;NA;NA;one-to-one;in;taking;126.26;9864;13.0716;120.116;13160;0;120.116;13160;0;NA;NA;NA
62;RING;semidishonest;semi2k;3;NA;NA;NA;NA;NA;NA;NA;NA;NA;NA;NA;NA;NA;0;100;100;0;48.7063;48.96;99;195%;~39028;249.127;744.631;2.75078;1422;0.0305362;2.75078;1422;0.359975;NA;NA;NA;NA;NA;NA;NA;NA;NA;NA;NA;NA;one-to-one;in;taking;126.26;9864;15.3496;120.116;13160;0;120.116;13160;0;NA;NA;NA
62;RING;semidishonest;semi2k;3;NA;NA;NA;NA;NA;NA;NA;NA;NA;NA;NA;NA;NA;0;100;100;0;47.0402;47.29;101;202%;~39028;249.127;744.631;2.75078;1422;0.0304597;2.75078;1422;0.440601;NA;NA;NA;NA;NA;NA;NA;NA;NA;NA;NA;NA;one-to-one;in;taking;126.26;9864;13.1267;120.116;13160;0;120.116;13160;0;NA;NA;NA
62;RING;semidishonest;semi2k;3;15.01;448;4;NA;NA;NA;NA;NA;NA;NA;10000;1650000;607;0;25000;100;0;36.3274;36.57;92;263%;~39028;249.127;744.631;2.75078;1422;0.031041;2.75078;1422;0.270796;NA;NA;NA;NA;NA;NA;NA;NA;NA;NA;NA;NA;one-to-one;in;taking;126.26;9864;2.93055;120.116;13160;0;120.116;13160;0;NA;NA;NA
62;RING;semidishonest;semi2k;3;NA;NA;NA;NA;NA;NA;NA;NA;NA;NA;NA;NA;NA;0;25000;100;0;36.3439;36.60;101;263%;~39028;249.127;744.631;2.75078;1422;0.0313477;2.75078;1422;0.304958;NA;NA;NA;NA;NA;NA;NA;NA;NA;NA;NA;NA;one-to-one;in;taking;126.26;9864;2.91349;120.116;13160;0;120.116;13160;0;NA;NA;NA
62;RING;semidishonest;semi2k;3;NA;NA;NA;NA;NA;NA;NA;NA;NA;NA;NA;NA;NA;0;25000;100;0;36.1601;36.41;97;260%;~39028;249.127;744.631;2.75078;1422;0.0308973;2.75078;1422;0.295154;NA;NA;NA;NA;NA;NA;NA;NA;NA;NA;NA;NA;one-to-one;in;taking;126.26;9864;3.3446;120.116;13160;0;120.116;13160;0;NA;NA;NA
62;RING;semidishonest;semi2k;3;NA;NA;NA;NA;NA;NA;NA;NA;NA;NA;NA;NA;NA;0;25000;100;0;36.2668;36.51;98;261%;~39028;249.127;744.631;2.75078;1422;0.0326239;2.75078;1422;0.29173;NA;NA;NA;NA;NA;NA;NA;NA;NA;NA;NA;NA;one-to-one;in;taking;126.26;9864;3.05304;120.116;13160;0;120.116;13160;0;NA;NA;NA
62;RING;semidishonest;semi2k;3;NA;NA;NA;NA;NA;NA;NA;NA;NA;NA;NA;NA;NA;0;25000;100;0;36.3049;36.54;103;263%;~39028;249.127;744.631;2.75078;1422;0.0319691;2.75078;1422;0.274406;NA;NA;NA;NA;NA;NA;NA;NA;NA;NA;NA;NA;one-to-one;in;taking;126.26;9864;3.06734;120.116;13160;0;120.116;13160;0;NA;NA;NA
62;RING;semidishonest;semi2k;3;NA;NA;NA;NA;NA;NA;NA;NA;NA;NA;NA;NA;NA;0;25000;100;0;36.2803;36.53;101;262%;~39028;249.127;744.631;2.75078;1422;0.0325522;2.75078;1422;0.288594;NA;NA;NA;NA;NA;NA;NA;NA;NA;NA;NA;NA;one-to-one;in;taking;126.26;9864;3.02056;120.116;13160;0;120.116;13160;0;NA;NA;NA
62;RING;semidishonest;semi2k;3;NA;NA;NA;NA;NA;NA;NA;NA;NA;NA;NA;NA;NA;0;25000;100;0;36.4817;36.73;97;262%;~39028;249.127;744.631;2.75078;1422;0.0322069;2.75078;1422;0.305305;NA;NA;NA;NA;NA;NA;NA;NA;NA;NA;NA;NA;one-to-one;in;taking;126.26;9864;2.92014;120.116;13160;0;120.116;13160;0;NA;NA;NA
62;RING;semidishonest;semi2k;3;NA;NA;NA;NA;NA;NA;NA;NA;NA;NA;NA;NA;NA;0;25000;100;0;36.3535;36.60;100;263%;~39028;249.127;744.631;2.75078;1422;0.0319385;2.75078;1422;0.276106;NA;NA;NA;NA;NA;NA;NA;NA;NA;NA;NA;NA;one-to-one;in;taking;126.26;9864;2.86234;120.116;13160;0;120.116;13160;0;NA;NA;NA
62;RING;semidishonest;semi2k;3;NA;NA;NA;NA;NA;NA;NA;NA;NA;NA;NA;NA;NA;0;25000;100;0;36.2998;36.55;97;258%;~39028;249.127;744.631;2.75078;1422;0.0326566;2.75078;1422;0.303942;NA;NA;NA;NA;NA;NA;NA;NA;NA;NA;NA;NA;one-to-one;in;taking;126.26;9864;3.46083;120.116;13160;0;120.116;13160;0;NA;NA;NA
62;RING;semidishonest;semi2k;3;NA;NA;NA;NA;NA;NA;NA;NA;NA;NA;NA;NA;NA;25;25000;100;0;486.364;488.14;111;21%;~39028;249.127;744.631;2.75078;1422;0.0185991;2.75078;1422;36.6269;NA;NA;NA;NA;NA;NA;NA;NA;NA;NA;NA;NA;one-to-one;in;taking;126.26;9864;333.13;120.116;13160;0;120.116;13160;0;NA;NA;NA
62;RING;semidishonest;semi2k;3;NA;NA;NA;NA;NA;NA;NA;NA;NA;NA;NA;NA;NA;25;25000;100;0;486.262;488.04;101;21%;~39028;249.127;744.631;2.75078;1422;0.0192068;2.75078;1422;36.6169;NA;NA;NA;NA;NA;NA;NA;NA;NA;NA;NA;NA;one-to-one;in;taking;126.26;9864;333.159;120.116;13160;0;120.116;13160;0;NA;NA;NA
62;RING;semidishonest;semi2k;3;NA;NA;NA;NA;NA;NA;NA;NA;NA;NA;NA;NA;NA;25;25000;100;0;486.332;488.12;106;21%;~39028;249.127;744.631;2.75078;1422;0.0191308;2.75078;1422;36.7476;NA;NA;NA;NA;NA;NA;NA;NA;NA;NA;NA;NA;one-to-one;in;taking;126.26;9864;333.114;120.116;13160;0;120.116;13160;0;NA;NA;NA
62;RING;semidishonest;semi2k;3;NA;NA;NA;NA;NA;NA;NA;NA;NA;NA;NA;NA;NA;25;25000;100;0;486.353;488.12;107;21%;~39028;249.127;744.631;2.75078;1422;0.0193466;2.75078;1422;36.7009;NA;NA;NA;NA;NA;NA;NA;NA;NA;NA;NA;NA;one-to-one;in;taking;126.26;9864;333.115;120.116;13160;0;120.116;13160;0;NA;NA;NA
62;RING;semidishonest;semi2k;3;NA;NA;NA;NA;NA;NA;NA;NA;NA;NA;NA;NA;NA;25;25000;100;0;486.313;488.09;105;21%;~39028;249.127;744.631;2.75078;1422;0.0187434;2.75078;1422;36.766;NA;NA;NA;NA;NA;NA;NA;NA;NA;NA;NA;NA;one-to-one;in;taking;126.26;9864;333.103;120.116;13160;0;120.116;13160;0;NA;NA;NA
62;RING;semidishonest;semi2k;3;NA;NA;NA;NA;NA;NA;NA;NA;NA;NA;NA;NA;NA;25;25000;100;0;486.202;487.99;111;21%;~39028;249.127;744.631;2.75078;1422;0.0194733;2.75078;1422;36.8289;NA;NA;NA;NA;NA;NA;NA;NA;NA;NA;NA;NA;one-to-one;in;taking;126.26;9864;333.123;120.116;13160;0;120.116;13160;0;NA;NA;NA
62;RING;semidishonest;semi2k;3;NA;NA;NA;NA;NA;NA;NA;NA;NA;NA;NA;NA;NA;25;25000;100;0;486.466;488.22;107;21%;~39028;249.127;744.631;2.75078;1422;0.0189364;2.75078;1422;36.7441;NA;NA;NA;NA;NA;NA;NA;NA;NA;NA;NA;NA;one-to-one;in;taking;126.26;9864;333.158;120.116;13160;0;120.116;13160;0;NA;NA;NA
62;RING;semidishonest;semi2k;3;NA;NA;NA;NA;NA;NA;NA;NA;NA;NA;NA;NA;NA;25;25000;100;0;486.393;488.17;102;21%;~39028;249.127;744.631;2.75078;1422;0.0189168;2.75078;1422;36.5558;NA;NA;NA;NA;NA;NA;NA;NA;NA;NA;NA;NA;one-to-one;in;taking;126.26;9864;333.195;120.116;13160;0;120.116;13160;0;NA;NA;NA
62;RING;semidishonest;semi2k;3;NA;NA;NA;NA;NA;NA;NA;NA;NA;NA;NA;NA;NA;25;25000;100;0;486.494;488.26;109;21%;~39028;249.127;744.631;2.75078;1422;0.0188578;2.75078;1422;36.614;NA;NA;NA;NA;NA;NA;NA;NA;NA;NA;NA;NA;one-to-one;in;taking;126.26;9864;333.135;120.116;13160;0;120.116;13160;0;NA;NA;NA
62;RING;semidishonest;semi2k;3;NA;NA;NA;NA;NA;NA;NA;NA;NA;NA;NA;NA;NA;25;25000;100;0;486.353;488.11;108;21%;~39028;249.127;744.631;2.75078;1422;0.0188715;2.75078;1422;36.681;NA;NA;NA;NA;NA;NA;NA;NA;NA;NA;NA;NA;one-to-one;in;taking;126.26;9864;333.159;120.116;13160;0;120.116;13160;0;NA;NA;NA
62;RING;semidishonest;semi2k;3;NA;NA;NA;NA;NA;NA;NA;NA;NA;NA;NA;NA;NA;50;25000;100;0;937.993;941.28;104;11%;~39028;249.127;744.631;2.75078;1422;0.0194525;2.75078;1422;74.1576;NA;NA;NA;NA;NA;NA;NA;NA;NA;NA;NA;NA;one-to-one;in;taking;126.26;9864;664.233;120.116;13160;0;120.116;13160;0;NA;NA;NA
62;RING;semidishonest;semi2k;3;NA;NA;NA;NA;NA;NA;NA;NA;NA;NA;NA;NA;NA;50;25000;100;0;937.781;941.09;110;11%;~39028;249.127;744.631;2.75078;1422;0.0195259;2.75078;1422;74.1389;NA;NA;NA;NA;NA;NA;NA;NA;NA;NA;NA;NA;one-to-one;in;taking;126.26;9864;664.579;120.116;13160;0;120.116;13160;0;NA;NA;NA
62;RING;semidishonest;semi2k;3;NA;NA;NA;NA;NA;NA;NA;NA;NA;NA;NA;NA;NA;50;25000;100;0;937.584;940.88;107;11%;~39028;249.127;744.631;2.75078;1422;0.0192065;2.75078;1422;73.9579;NA;NA;NA;NA;NA;NA;NA;NA;NA;NA;NA;NA;one-to-one;in;taking;126.26;9864;664.435;120.116;13160;0;120.116;13160;0;NA;NA;NA
62;RING;semidishonest;semi2k;3;NA;NA;NA;NA;NA;NA;NA;NA;NA;NA;NA;NA;NA;50;25000;100;0;937.853;941.14;111;11%;~39028;249.127;744.631;2.75078;1422;0.0189227;2.75078;1422;74.2826;NA;NA;NA;NA;NA;NA;NA;NA;NA;NA;NA;NA;one-to-one;in;taking;126.26;9864;664.566;120.116;13160;0;120.116;13160;0;NA;NA;NA
62;RING;semidishonest;semi2k;3;NA;NA;NA;NA;NA;NA;NA;NA;NA;NA;NA;NA;NA;50;25000;100;0;937.884;941.17;105;11%;~39028;249.127;744.631;2.75078;1422;0.0191686;2.75078;1422;74.326;NA;NA;NA;NA;NA;NA;NA;NA;NA;NA;NA;NA;one-to-one;in;taking;126.26;9864;664.288;120.116;13160;0;120.116;13160;0;NA;NA;NA
62;RING;semidishonest;semi2k;3;NA;NA;NA;NA;NA;NA;NA;NA;NA;NA;NA;NA;NA;75;25000;100;0;1390.04;1394.84;104;7%;~39028;249.127;744.631;2.75078;1422;0.0192802;2.75078;1422;111.152;NA;NA;NA;NA;NA;NA;NA;NA;NA;NA;NA;NA;one-to-one;in;taking;126.26;9864;995.935;120.116;13160;0;120.116;13160;0;NA;NA;NA
62;RING;semidishonest;semi2k;3;NA;NA;NA;NA;NA;NA;NA;NA;NA;NA;NA;NA;NA;75;25000;100;0;1388.88;1393.68;107;7%;~39028;249.127;744.631;2.75078;1422;0.018825;2.75078;1422;110.172;NA;NA;NA;NA;NA;NA;NA;NA;NA;NA;NA;NA;one-to-one;in;taking;126.26;9864;996.01;120.116;13160;0;120.116;13160;0;NA;NA;NA
62;RING;semidishonest;semi2k;3;NA;NA;NA;NA;NA;NA;NA;NA;NA;NA;NA;NA;NA;75;25000;100;0;1389.92;1394.73;106;7%;~39028;249.127;744.631;2.75078;1422;0.0189225;2.75078;1422;111.047;NA;NA;NA;NA;NA;NA;NA;NA;NA;NA;NA;NA;one-to-one;in;taking;126.26;9864;995.604;120.116;13160;0;120.116;13160;0;NA;NA;NA
62;RING;semidishonest;semi2k;3;NA;NA;NA;NA;NA;NA;NA;NA;NA;NA;NA;NA;NA;75;25000;100;0;1389.73;1394.52;108;7%;~39028;249.127;744.631;2.75078;1422;0.0194426;2.75078;1422;110.614;NA;NA;NA;NA;NA;NA;NA;NA;NA;NA;NA;NA;one-to-one;in;taking;126.26;9864;995.914;120.116;13160;0;120.116;13160;0;NA;NA;NA
62;RING;semidishonest;semi2k;3;NA;NA;NA;NA;NA;NA;NA;NA;NA;NA;NA;NA;NA;75;25000;100;0;1389.72;1394.52;109;7%;~39028;249.127;744.631;2.75078;1422;0.0187741;2.75078;1422;111.137;NA;NA;NA;NA;NA;NA;NA;NA;NA;NA;NA;NA;one-to-one;in;taking;126.26;9864;996.087;120.116;13160;0;120.116;13160;0;NA;NA;NA